"","Region","Division","District","Households","Pop2023","AHS","Pop2017","GR"
"1","Punjab","Bahawalpur","Bahawalnagar",558333,3550342,6.36,2975656,3
"2","Punjab","Bahawalpur","Bahawalpur",674155,4284964,6.36,3669176,2.63
"3","Punjab","Bahawalpur","Rahim Yar Khan",827525,5564703,6.72,4807762,2.47
"4","Punjab","Dera Ghazi Khan","Dera Ghazi Khan",454711,3393705,7.46,2872631,2.83
"5","Punjab","Dera Ghazi Khan","Layyah",341276,2102386,6.16,1823995,2.4
"6","Punjab","Dera Ghazi Khan","Muzaffargarh",804783,5015325,6.23,4328549,2.49
"7","Punjab","Dera Ghazi Khan","Rajanpur",354271,2381049,6.72,1996039,2.99
"8","Punjab","Faisalabad","Chiniot",256660,1563024,6.09,1368659,2.24
"9","Punjab","Faisalabad","Faisalabad",1384668,9075819,6.55,7882444,2.38
"10","Punjab","Faisalabad","Jhang",494761,3077720,6.22,2742633,1.95
"11","Punjab","Faisalabad","Toba Tek Singh",391861,2511963,6.41,2191495,2.31
"12","Punjab","Gujranwala","Gujranwala",849524,5959750,7.02,5011066,2.94
"13","Punjab","Gujranwala","Gujrat",489589,3219375,6.58,2756289,2.63
"14","Punjab","Gujranwala","Hafizabad",197277,1319909,6.69,1156954,2.23
"15","Punjab","Gujranwala","Mandi Bahauddin",286168,1829486,6.39,1594039,2.33
"16","Punjab","Gujranwala","Narowal",281628,1950954,6.93,1707575,2.25
"17","Punjab","Gujranwala","Sialkot",671589,4499394,6.7,3894938,2.44
"18","Punjab","Lahore","Kasur",645838,4084286,6.32,3454881,2.84
"19","Punjab","Lahore","Lahore",2012526,13004135,6.46,11119985,2.65
"20","Punjab","Lahore","Nankana Sahib",247121,1634871,6.62,1354986,3.19
"21","Punjab","Lahore","Sheikhupura",593506,4049418,6.82,3460004,2.66
"22","Punjab","Multan","Khanewal",526609,3364077,6.39,2920233,2.39
"23","Punjab","Multan","Lodhran",324020,1928299,5.95,1699693,2.13
"24","Punjab","Multan","Multan",887304,5362305,6.04,4746166,2.06
"25","Punjab","Multan","Vehari",543384,3430421,6.31,2902081,2.83
"26","Punjab","Rawalpindi","Attock",354235,2170423,6.13,1886378,2.37
"27","Punjab","Rawalpindi","Chakwal",288997,1734854,6,1495463,2.51
"28","Punjab","Rawalpindi","Jhelum",229227,1382308,6.03,1222403,2.08
"29","Punjab","Rawalpindi","Rawalpindi",999347,6118911,6.12,5402380,2.1
"30","Punjab","Sahiwal","Okara",550057,3515490,6.39,3040826,2.45
"31","Punjab","Sahiwal","Pakpattan",344744,2136170,6.2,1824228,2.67
"32","Punjab","Sahiwal","Sahiwal",446787,2881811,6.45,2513011,2.31
"33","Punjab","Sargodha","Bhakkar",313559,1957470,6.24,1647852,2.92
"34","Punjab","Sargodha","Khushab",248449,1501089,6.04,1280372,2.69
"35","Punjab","Sargodha","Mianwali",296614,1798268,6.06,1542601,2.6
"36","Punjab","Sargodha","Sargodha",684799,4334448,6.33,3696212,2.7
"37","Sindh","Hyderabad","Badin",398066,1947081,4.89,1804958,1.27
"38","Sindh","Hyderabad","Dadu",340665,1742320,5.11,1550390,1.97
"39","Sindh","Hyderabad","Hyderabad",448479,2432540,5.42,2199928,1.69
"40","Sindh","Hyderabad","Jamshoro",213639,1117308,5.23,993908,1.98
"41","Sindh","Hyderabad","Matiari",158559,849383,5.36,770040,1.65
"42","Sindh","Hyderabad","Sujawal",158917,839292,5.28,779062,1.25
"43","Sindh","Hyderabad","Tando Allahyar",177534,922012,5.19,838527,1.6
"44","Sindh","Hyderabad","Tando Muhammad Khan",143956,726119,5.04,677098,1.18
"45","Sindh","Hyderabad","Thatta",206281,1083191,5.25,982138,1.65
"46","Sindh","Karachi","Karachi Central",652776,3822325,5.86,2971382,4.3
"47","Sindh","Karachi","Karachi East",665452,3950031,5.94,2875315,5.45
"48","Sindh","Karachi","Karachi South",426224,2329764,5.47,1769230,4.71
"49","Sindh","Karachi","Karachi West",465197,2679380,5.76,2077228,4.35
"50","Sindh","Karachi","Keamari",319555,2068451,6.47,1829837,2.07
"51","Sindh","Karachi","Korangi",493504,3128971,6.34,2577556,3.29
"52","Sindh","Karachi","Malir",416512,2403959,5.77,1924346,3.79
"53","Sindh","Larkana","Jacobabad",195161,1174097,6.02,1007009,2.6
"54","Sindh","Larkana","Kambar Shahdad Kot",267684,1514869,5.66,1338035,2.1
"55","Sindh","Larkana","Kashmore",208980,1233957,5.9,1090336,2.09
"56","Sindh","Larkana","Larkana",321837,1784453,5.54,1521786,2.7
"57","Sindh","Larkana","Shikarpur",214901,1386330,6.45,1233760,1.97
"58","Sindh","Mirpur Khas","Mirpur Khas",313141,1681386,5.37,1504440,1.88
"59","Sindh","Mirpur Khas","Tharparkar",327677,1778407,5.43,1647036,1.29
"60","Sindh","Mirpur Khas","Umer Kot",222649,1159831,5.21,1073469,1.3
"61","Sindh","Shaheed Benazirabad","Naushahro Feroze",319938,1777082,5.55,1612047,1.64
"62","Sindh","Shaheed Benazirabad","Sanghar",407265,2308465,5.67,2049873,2.01
"63","Sindh","Shaheed Benazirabad","Shaheed Benazirabad",334596,1845102,5.51,1613506,2.27
"64","Sindh","Sukkur","Ghotki",331132,1772609,5.35,1648708,1.22
"65","Sindh","Sukkur","Khairpur",452588,2597535,5.74,2405190,1.29
"66","Sindh","Sukkur","Sukkur",268755,1639897,6.1,1488372,1.63
"67","KP","Bannu","Bannu",183246,1357890,7.41,1210183,1.94
"68","KP","Bannu","Lakki Marwat",131894,1040856,7.89,902138,2.42
"69","KP","Bannu","North Waziristan",99625,693332,6.96,540546,4.25
"70","KP","Dera Ismail Khan","Dera Ismail Khan",270189,1829811,6.77,1693594,1.3
"71","KP","Dera Ismail Khan","South Waziristan",178665,888675,4.97,675215,4.7
"72","KP","Dera Ismail Khan","Tank",70694,470293,6.65,427044,1.63
"73","KP","Hazara","Abbottabad",237020,1419072,5.99,1333089,1.05
"74","KP","Hazara","Batagram",86224,554133,6.43,476749,2.55
"75","KP","Hazara","Haripur",192658,1174783,6.1,1001515,2.7
"76","KP","Hazara","Kolai Palas Kohistan",40393,280162,6.94,276325,0.23
"77","KP","Hazara","Lower Kohistan",52318,340017,6.5,202935,9.01
"78","KP","Hazara","Mansehra",294113,1797177,6.11,1555742,2.44
"79","KP","Hazara","Torghar",29417,200445,6.81,171349,2.66
"80","KP","Hazara","Upper Kohistan",71543,422947,5.91,305451,5.59
"81","KP","Kohat","Hangu",61163,528902,8.65,518811,0.32
"82","KP","Kohat","Karak",96026,815878,8.5,705362,2.46
"83","KP","Kohat","Kohat",169734,1234661,7.27,1111266,1.78
"84","KP","Kohat","Kurram",94575,785434,8.3,615372,4.16
"85","KP","Kohat","Orakzai",52108,387561,7.44,254303,7.3
"86","KP","Malakand","Bajaur",181721,1287960,7.09,1090987,2.81
"87","KP","Malakand","Buner",118692,1016869,8.57,895460,2.15
"88","KP","Malakand","Lower Chitral",46050,320407,6.96,278328,2.38
"89","KP","Malakand","Lower Dir",202899,1650183,8.13,1436082,2.35
"90","KP","Malakand","Malakand Protected Area",113159,826250,7.3,717806,2.38
"91","KP","Malakand","Shangla",125551,891252,7.1,759609,2.71
"92","KP","Malakand","Swat",381246,2687384,7.05,2308624,2.57
"93","KP","Malakand","Upper Chitral",26368,195528,7.42,169297,2.44
"94","KP","Malakand","Upper Dir",149557,1083566,7.25,947401,2.27
"95","KP","Mardan","Mardan",400904,2744898,6.85,2373399,2.46
"96","KP","Mardan","Swabi",279035,1894600,6.79,1625477,2.59
"97","KP","Peshawar","Charsadda",263993,1835504,6.95,1610960,2.2
"98","KP","Peshawar","Khyber",166829,1146267,6.87,984246,2.58
"99","KP","Peshawar","Mohmand",63982,553933,8.66,474345,2.63
"100","KP","Peshawar","Nowshera",259911,1740705,6.7,1520995,2.28
"101","KP","Peshawar","Peshawar",691505,4758762,6.88,4331959,1.58
"102","Balochistan","Kalat","Awaran",27808,178958,6.44,121821,6.64
"103","Balochistan","Kalat","Kalat",33415,272506,8.16,211201,4.35
"104","Balochistan","Kalat","Khuzdar",161594,997214,6.17,798896,3.78
"105","Balochistan","Kalat","Lasbela",115635,680977,5.89,576271,2.83
"106","Balochistan","Kalat","Mastung",43736,313271,7.16,265676,2.79
"107","Balochistan","Kalat","Surab",51021,278092,5.45,200857,5.59
"108","Balochistan","Loralai","Barkhan",23069,210249,9.11,171025,3.51
"109","Balochistan","Loralai","Duki",43069,205044,4.76,152977,5.02
"110","Balochistan","Loralai","Loralai",38284,272432,7.12,244446,1.83
"111","Balochistan","Loralai","Musakhel",31257,182275,5.83,167243,1.45
"112","Balochistan","Mekran","Gwadar",50376,305160,6.06,262253,2.56
"113","Balochistan","Mekran","Kech",253526,1060931,4.18,907182,2.65
"114","Balochistan","Mekran","Panjgur",117157,509781,4.35,315353,8.36
"115","Balochistan","Nasirabad","Jaffarabad",81580,594558,7.29,513972,2.46
"116","Balochistan","Nasirabad","Jhal Magsi",30967,203368,6.57,148900,5.35
"117","Balochistan","Nasirabad","Kachhi",50035,442612,8.85,309932,6.14
"118","Balochistan","Nasirabad","Nasirabad",87540,563377,6.44,487847,2.43
"119","Balochistan","Nasirabad","Sohbatpur",33738,240106,7.12,200426,3.06
"120","Balochistan","Quetta","Chaman",61942,466218,7.53,434561,1.18
"121","Balochistan","Quetta","Killa Abdullah",67308,361971,5.38,323793,1.88
"122","Balochistan","Quetta","Pishin",147241,835482,5.67,736903,2.12
"123","Balochistan","Quetta","Quetta",288690,2595492,8.99,2269473,2.27
"124","Balochistan","Rakhshan","Chagai",38234,269192,7.04,226517,2.93
"125","Balochistan","Rakhshan","Kharan",35879,260352,7.26,162766,8.17
"126","Balochistan","Rakhshan","Nushki",31268,207834,6.65,178947,2.53
"127","Balochistan","Rakhshan","Washuk",49080,302623,6.17,175712,9.51
"128","Balochistan","Sibi","Dera Bugti",62298,355274,5.7,313110,2.13
"129","Balochistan","Sibi","Harnai",16400,127571,7.78,97052,4.68
"130","Balochistan","Sibi","Kohlu",38115,260220,6.83,213933,3.33
"131","Balochistan","Sibi","Sibi",31303,224148,7.16,179751,3.76
"132","Balochistan","Sibi","Ziarat",22900,189535,8.28,160095,2.86
"133","Balochistan","Zhob","Killa Saifullah",70021,380200,5.43,342932,1.74
"134","Balochistan","Zhob","Sherani",36108,191687,5.31,152952,3.84
"135","Balochistan","Zhob","Zhob",47925,355692,7.42,310354,2.3
"136","ICT","ICT","ICT",411518,2363863,5.74,2003368,2.8
