District,Metric,Status
Bahawalnagar,Literacy_Flag,âœ“
Bahawalnagar,Attendance_Flag,âœ“
Bahawalnagar,Energy_Flag_Elec,âœ“
Bahawalnagar,San_Flag,âœ“
Bahawalnagar,Wtr_Flag,âœ“
Bahawalpur,Literacy_Flag,âœ“
Bahawalpur,Attendance_Flag,âœ“
Bahawalpur,Energy_Flag_Elec,âœ“
Bahawalpur,San_Flag,âœ“
Bahawalpur,Wtr_Flag,âœ“
Rahim Yar Khan,Literacy_Flag,âœ“
Rahim Yar Khan,Attendance_Flag,âœ“
Rahim Yar Khan,Energy_Flag_Elec,âœ“
Rahim Yar Khan,San_Flag,âœ“
Rahim Yar Khan,Wtr_Flag,âœ“
Dera Ghazi Khan,Literacy_Flag,âœ“
Dera Ghazi Khan,Attendance_Flag,âœ“
Dera Ghazi Khan,Energy_Flag_Elec,âœ“
Dera Ghazi Khan,San_Flag,âœ“
Dera Ghazi Khan,Wtr_Flag,âœ“
Layyah,Literacy_Flag,âœ“
Layyah,Attendance_Flag,âœ“
Layyah,Energy_Flag_Elec,âœ“
Layyah,San_Flag,âœ“
Layyah,Wtr_Flag,âœ“
Muzaffargarh,Literacy_Flag,âœ“
Muzaffargarh,Attendance_Flag,âœ“
Muzaffargarh,Energy_Flag_Elec,âœ“
Muzaffargarh,San_Flag,âœ“
Muzaffargarh,Wtr_Flag,âœ“
Rajanpur,Literacy_Flag,âœ“
Rajanpur,Attendance_Flag,âœ“
Rajanpur,Energy_Flag_Elec,âœ“
Rajanpur,San_Flag,âœ“
Rajanpur,Wtr_Flag,âœ“
Chiniot,Literacy_Flag,âœ“
Chiniot,Attendance_Flag,âœ“
Chiniot,Energy_Flag_Elec,âœ“
Chiniot,San_Flag,âœ“
Chiniot,Wtr_Flag,âœ“
Faisalabad,Literacy_Flag,âœ“
Faisalabad,Attendance_Flag,âœ“
Faisalabad,Energy_Flag_Elec,âœ“
Faisalabad,San_Flag,âœ“
Faisalabad,Wtr_Flag,âœ“
Jhang,Literacy_Flag,âœ“
Jhang,Attendance_Flag,âœ“
Jhang,Energy_Flag_Elec,âœ“
Jhang,San_Flag,âœ“
Jhang,Wtr_Flag,âœ“
Toba Tek Singh,Literacy_Flag,âœ“
Toba Tek Singh,Attendance_Flag,âœ“
Toba Tek Singh,Energy_Flag_Elec,âœ“
Toba Tek Singh,San_Flag,âœ“
Toba Tek Singh,Wtr_Flag,âœ“
Gujranwala,Literacy_Flag,âœ“
Gujranwala,Attendance_Flag,âœ“
Gujranwala,Energy_Flag_Elec,âœ“
Gujranwala,San_Flag,âœ“
Gujranwala,Wtr_Flag,âœ“
Gujrat,Literacy_Flag,âœ“
Gujrat,Attendance_Flag,âœ“
Gujrat,Energy_Flag_Elec,âœ“
Gujrat,San_Flag,âœ“
Gujrat,Wtr_Flag,âœ“
Hafizabad,Literacy_Flag,âœ“
Hafizabad,Attendance_Flag,âœ“
Hafizabad,Energy_Flag_Elec,âœ“
Hafizabad,San_Flag,âœ“
Hafizabad,Wtr_Flag,âœ“
Mandi Bahauddin,Literacy_Flag,âœ“
Mandi Bahauddin,Attendance_Flag,âœ“
Mandi Bahauddin,Energy_Flag_Elec,âœ“
Mandi Bahauddin,San_Flag,âœ“
Mandi Bahauddin,Wtr_Flag,âœ“
Narowal,Literacy_Flag,âœ“
Narowal,Attendance_Flag,âœ“
Narowal,Energy_Flag_Elec,âœ“
Narowal,San_Flag,âœ“
Narowal,Wtr_Flag,âœ“
Sialkot,Literacy_Flag,âœ“
Sialkot,Attendance_Flag,âœ“
Sialkot,Energy_Flag_Elec,âœ“
Sialkot,San_Flag,âœ“
Sialkot,Wtr_Flag,âœ“
Kasur,Literacy_Flag,âœ“
Kasur,Attendance_Flag,âœ“
Kasur,Energy_Flag_Elec,âœ“
Kasur,San_Flag,âœ“
Kasur,Wtr_Flag,âœ“
Lahore,Literacy_Flag,âœ“
Lahore,Attendance_Flag,âœ“
Lahore,Energy_Flag_Elec,âœ“
Lahore,San_Flag,âœ“
Lahore,Wtr_Flag,âœ“
Nankana Sahib,Literacy_Flag,âœ“
Nankana Sahib,Attendance_Flag,âœ“
Nankana Sahib,Energy_Flag_Elec,âœ“
Nankana Sahib,San_Flag,âœ“
Nankana Sahib,Wtr_Flag,âœ“
Sheikhupura,Literacy_Flag,âœ“
Sheikhupura,Attendance_Flag,âœ“
Sheikhupura,Energy_Flag_Elec,âœ“
Sheikhupura,San_Flag,âœ“
Sheikhupura,Wtr_Flag,âœ“
Khanewal,Literacy_Flag,âœ“
Khanewal,Attendance_Flag,âœ“
Khanewal,Energy_Flag_Elec,âœ“
Khanewal,San_Flag,âœ“
Khanewal,Wtr_Flag,âœ“
Lodhran,Literacy_Flag,âœ“
Lodhran,Attendance_Flag,âœ“
Lodhran,Energy_Flag_Elec,âœ“
Lodhran,San_Flag,âœ“
Lodhran,Wtr_Flag,âœ“
Multan,Literacy_Flag,âœ“
Multan,Attendance_Flag,âœ“
Multan,Energy_Flag_Elec,âœ“
Multan,San_Flag,âœ“
Multan,Wtr_Flag,âœ“
Vehari,Literacy_Flag,âœ“
Vehari,Attendance_Flag,âœ“
Vehari,Energy_Flag_Elec,âœ“
Vehari,San_Flag,âœ“
Vehari,Wtr_Flag,âœ“
Attock,Literacy_Flag,âœ“
Attock,Attendance_Flag,âœ“
Attock,Energy_Flag_Elec,âœ“
Attock,San_Flag,âœ“
Attock,Wtr_Flag,âœ“
Chakwal,Literacy_Flag,âœ“
Chakwal,Attendance_Flag,âœ“
Chakwal,Energy_Flag_Elec,âœ“
Chakwal,San_Flag,âœ“
Chakwal,Wtr_Flag,âœ“
Jhelum,Literacy_Flag,âœ“
Jhelum,Attendance_Flag,âœ“
Jhelum,Energy_Flag_Elec,âœ“
Jhelum,San_Flag,âœ“
Jhelum,Wtr_Flag,âœ“
Rawalpindi,Literacy_Flag,âœ“
Rawalpindi,Attendance_Flag,âœ“
Rawalpindi,Energy_Flag_Elec,âœ“
Rawalpindi,San_Flag,âœ“
Rawalpindi,Wtr_Flag,âœ“
Okara,Literacy_Flag,âœ“
Okara,Attendance_Flag,âœ“
Okara,Energy_Flag_Elec,âœ“
Okara,San_Flag,âœ“
Okara,Wtr_Flag,âœ“
Pakpattan,Literacy_Flag,âœ“
Pakpattan,Attendance_Flag,âœ“
Pakpattan,Energy_Flag_Elec,âœ“
Pakpattan,San_Flag,âœ“
Pakpattan,Wtr_Flag,âœ“
Sahiwal,Literacy_Flag,âœ“
Sahiwal,Attendance_Flag,âœ“
Sahiwal,Energy_Flag_Elec,âœ“
Sahiwal,San_Flag,âœ“
Sahiwal,Wtr_Flag,âœ“
Bhakkar,Literacy_Flag,âœ“
Bhakkar,Attendance_Flag,âœ“
Bhakkar,Energy_Flag_Elec,âœ“
Bhakkar,San_Flag,âœ“
Bhakkar,Wtr_Flag,âœ“
Khushab,Literacy_Flag,âœ“
Khushab,Attendance_Flag,âœ“
Khushab,Energy_Flag_Elec,âœ“
Khushab,San_Flag,âœ“
Khushab,Wtr_Flag,âœ“
Mianwali,Literacy_Flag,âœ“
Mianwali,Attendance_Flag,âœ“
Mianwali,Energy_Flag_Elec,âœ“
Mianwali,San_Flag,âœ“
Mianwali,Wtr_Flag,âœ“
Sargodha,Literacy_Flag,âœ“
Sargodha,Attendance_Flag,âœ“
Sargodha,Energy_Flag_Elec,âœ“
Sargodha,San_Flag,âœ“
Sargodha,Wtr_Flag,âœ“
Badin,Literacy_Flag,âœ“
Badin,Attendance_Flag,âœ“
Badin,Energy_Flag_Elec,âœ“
Badin,San_Flag,âœ“
Badin,Wtr_Flag,âœ“
Dadu,Literacy_Flag,âœ“
Dadu,Attendance_Flag,âœ“
Dadu,Energy_Flag_Elec,âœ“
Dadu,San_Flag,âœ“
Dadu,Wtr_Flag,âœ“
Hyderabad,Literacy_Flag,âœ“
Hyderabad,Attendance_Flag,âœ“
Hyderabad,Energy_Flag_Elec,âœ“
Hyderabad,San_Flag,âœ“
Hyderabad,Wtr_Flag,âœ“
Jamshoro,Literacy_Flag,âœ“
Jamshoro,Attendance_Flag,âœ“
Jamshoro,Energy_Flag_Elec,âœ“
Jamshoro,San_Flag,âœ“
Jamshoro,Wtr_Flag,âœ“
Matiari,Literacy_Flag,âœ“
Matiari,Attendance_Flag,âœ“
Matiari,Energy_Flag_Elec,âœ“
Matiari,San_Flag,âœ“
Matiari,Wtr_Flag,âœ“
Sujawal,Literacy_Flag,âœ“
Sujawal,Attendance_Flag,âœ“
Sujawal,Energy_Flag_Elec,âœ“
Sujawal,San_Flag,âœ“
Sujawal,Wtr_Flag,âœ“
Tando Allahyar,Literacy_Flag,âœ“
Tando Allahyar,Attendance_Flag,âœ“
Tando Allahyar,Energy_Flag_Elec,âœ“
Tando Allahyar,San_Flag,âœ“
Tando Allahyar,Wtr_Flag,âœ“
Tando Muhammad Khan,Literacy_Flag,âœ“
Tando Muhammad Khan,Attendance_Flag,âœ“
Tando Muhammad Khan,Energy_Flag_Elec,âœ“
Tando Muhammad Khan,San_Flag,âœ“
Tando Muhammad Khan,Wtr_Flag,âœ“
Thatta,Literacy_Flag,âœ“
Thatta,Attendance_Flag,âœ“
Thatta,Energy_Flag_Elec,âœ“
Thatta,San_Flag,âœ“
Thatta,Wtr_Flag,âœ“
Karachi Central,Literacy_Flag,âœ“
Karachi Central,Attendance_Flag,âœ“
Karachi Central,Energy_Flag_Elec,âœ“
Karachi Central,San_Flag,âœ“
Karachi Central,Wtr_Flag,âœ“
Karachi East,Literacy_Flag,âœ“
Karachi East,Attendance_Flag,âœ“
Karachi East,Energy_Flag_Elec,âœ“
Karachi East,San_Flag,âœ“
Karachi East,Wtr_Flag,âœ“
Karachi South,Literacy_Flag,âœ“
Karachi South,Attendance_Flag,âœ“
Karachi South,Energy_Flag_Elec,âœ“
Karachi South,San_Flag,âœ“
Karachi South,Wtr_Flag,âœ“
Karachi West,Literacy_Flag,âœ“
Karachi West,Attendance_Flag,âœ“
Karachi West,Energy_Flag_Elec,âœ“
Karachi West,San_Flag,âœ“
Karachi West,Wtr_Flag,âœ“
Keamari,Literacy_Flag,âœ“
Keamari,Attendance_Flag,âœ“
Keamari,Energy_Flag_Elec,âœ“
Keamari,San_Flag,âœ“
Keamari,Wtr_Flag,âœ“
Korangi,Literacy_Flag,âœ“
Korangi,Attendance_Flag,âœ“
Korangi,Energy_Flag_Elec,âœ“
Korangi,San_Flag,âœ“
Korangi,Wtr_Flag,âœ“
Malir,Literacy_Flag,âœ“
Malir,Attendance_Flag,âœ“
Malir,Energy_Flag_Elec,âœ“
Malir,San_Flag,âœ“
Malir,Wtr_Flag,âœ“
Jacobabad,Literacy_Flag,âœ“
Jacobabad,Attendance_Flag,âœ“
Jacobabad,Energy_Flag_Elec,âœ“
Jacobabad,San_Flag,âœ“
Jacobabad,Wtr_Flag,âœ“
Kambar Shahdad Kot,Literacy_Flag,âœ“
Kambar Shahdad Kot,Attendance_Flag,âœ“
Kambar Shahdad Kot,Energy_Flag_Elec,âœ“
Kambar Shahdad Kot,San_Flag,âœ“
Kambar Shahdad Kot,Wtr_Flag,âœ“
Kashmore,Literacy_Flag,âœ“
Kashmore,Attendance_Flag,âœ“
Kashmore,Energy_Flag_Elec,âœ“
Kashmore,San_Flag,âœ“
Kashmore,Wtr_Flag,âœ“
Larkana,Literacy_Flag,âœ“
Larkana,Attendance_Flag,âœ“
Larkana,Energy_Flag_Elec,âœ“
Larkana,San_Flag,âœ“
Larkana,Wtr_Flag,âœ“
Shikarpur,Literacy_Flag,âœ“
Shikarpur,Attendance_Flag,âœ“
Shikarpur,Energy_Flag_Elec,âœ“
Shikarpur,San_Flag,âœ“
Shikarpur,Wtr_Flag,âœ“
Mirpur Khas,Literacy_Flag,âœ“
Mirpur Khas,Attendance_Flag,âœ“
Mirpur Khas,Energy_Flag_Elec,âœ“
Mirpur Khas,San_Flag,âœ“
Mirpur Khas,Wtr_Flag,âœ“
Tharparkar,Literacy_Flag,âœ“
Tharparkar,Attendance_Flag,âœ“
Tharparkar,Energy_Flag_Elec,âœ“
Tharparkar,San_Flag,âœ“
Tharparkar,Wtr_Flag,âœ“
Umer Kot,Literacy_Flag,âœ“
Umer Kot,Attendance_Flag,âœ“
Umer Kot,Energy_Flag_Elec,âœ“
Umer Kot,San_Flag,âœ“
Umer Kot,Wtr_Flag,âœ“
Naushahro Feroze,Literacy_Flag,âœ“
Naushahro Feroze,Attendance_Flag,âœ“
Naushahro Feroze,Energy_Flag_Elec,âœ“
Naushahro Feroze,San_Flag,âœ“
Naushahro Feroze,Wtr_Flag,âœ“
Sanghar,Literacy_Flag,âœ“
Sanghar,Attendance_Flag,âœ“
Sanghar,Energy_Flag_Elec,âœ“
Sanghar,San_Flag,âœ“
Sanghar,Wtr_Flag,âœ“
Shaheed Benazirabad,Literacy_Flag,âœ“
Shaheed Benazirabad,Attendance_Flag,âœ“
Shaheed Benazirabad,Energy_Flag_Elec,âœ“
Shaheed Benazirabad,San_Flag,âœ“
Shaheed Benazirabad,Wtr_Flag,âœ“
Ghotki,Literacy_Flag,âœ“
Ghotki,Attendance_Flag,âœ“
Ghotki,Energy_Flag_Elec,âœ“
Ghotki,San_Flag,âœ“
Ghotki,Wtr_Flag,âœ“
Khairpur,Literacy_Flag,âœ“
Khairpur,Attendance_Flag,âœ“
Khairpur,Energy_Flag_Elec,âœ“
Khairpur,San_Flag,âœ“
Khairpur,Wtr_Flag,âœ“
Sukkur,Literacy_Flag,âœ“
Sukkur,Attendance_Flag,âœ“
Sukkur,Energy_Flag_Elec,âœ“
Sukkur,San_Flag,âœ“
Sukkur,Wtr_Flag,âœ“
Bannu,Literacy_Flag,âœ“
Bannu,Attendance_Flag,âœ“
Bannu,Energy_Flag_Elec,âœ“
Bannu,San_Flag,âœ“
Bannu,Wtr_Flag,âœ“
Lakki Marwat,Literacy_Flag,âœ“
Lakki Marwat,Attendance_Flag,âœ“
Lakki Marwat,Energy_Flag_Elec,âœ“
Lakki Marwat,San_Flag,âœ“
Lakki Marwat,Wtr_Flag,âœ“
North Waziristan,Literacy_Flag,âœ“
North Waziristan,Attendance_Flag,âœ“
North Waziristan,Energy_Flag_Elec,âœ“
North Waziristan,San_Flag,âœ“
North Waziristan,Wtr_Flag,âœ“
Dera Ismail Khan,Literacy_Flag,âœ“
Dera Ismail Khan,Attendance_Flag,âœ“
Dera Ismail Khan,Energy_Flag_Elec,âœ“
Dera Ismail Khan,San_Flag,âœ“
Dera Ismail Khan,Wtr_Flag,âœ“
South Waziristan,Literacy_Flag,âœ“
South Waziristan,Attendance_Flag,âœ“
South Waziristan,Energy_Flag_Elec,âœ“
South Waziristan,San_Flag,âœ“
South Waziristan,Wtr_Flag,âœ“
Tank,Literacy_Flag,âœ“
Tank,Attendance_Flag,âœ“
Tank,Energy_Flag_Elec,âœ“
Tank,San_Flag,âœ“
Tank,Wtr_Flag,âœ“
Abbottabad,Literacy_Flag,âœ“
Abbottabad,Attendance_Flag,âœ“
Abbottabad,Energy_Flag_Elec,âœ“
Abbottabad,San_Flag,âœ“
Abbottabad,Wtr_Flag,âœ“
Batagram,Literacy_Flag,âœ“
Batagram,Attendance_Flag,âœ“
Batagram,Energy_Flag_Elec,âœ“
Batagram,San_Flag,âœ“
Batagram,Wtr_Flag,âœ“
Haripur,Literacy_Flag,âœ“
Haripur,Attendance_Flag,âœ“
Haripur,Energy_Flag_Elec,âœ“
Haripur,San_Flag,âœ“
Haripur,Wtr_Flag,âœ“
Kolai Palas Kohistan,Literacy_Flag,âœ“
Kolai Palas Kohistan,Attendance_Flag,âœ“
Kolai Palas Kohistan,Energy_Flag_Elec,âœ“
Kolai Palas Kohistan,San_Flag,âœ“
Kolai Palas Kohistan,Wtr_Flag,âœ“
Lower Kohistan,Literacy_Flag,âœ“
Lower Kohistan,Attendance_Flag,âœ“
Lower Kohistan,Energy_Flag_Elec,âœ“
Lower Kohistan,San_Flag,âœ“
Lower Kohistan,Wtr_Flag,âœ“
Mansehra,Literacy_Flag,âœ“
Mansehra,Attendance_Flag,âœ“
Mansehra,Energy_Flag_Elec,âœ“
Mansehra,San_Flag,âœ“
Mansehra,Wtr_Flag,âœ“
Torghar,Literacy_Flag,âœ“
Torghar,Attendance_Flag,âœ“
Torghar,Energy_Flag_Elec,âœ“
Torghar,San_Flag,âœ“
Torghar,Wtr_Flag,âœ“
Upper Kohistan,Literacy_Flag,âœ“
Upper Kohistan,Attendance_Flag,âœ“
Upper Kohistan,Energy_Flag_Elec,âœ“
Upper Kohistan,San_Flag,âœ“
Upper Kohistan,Wtr_Flag,âœ“
Hangu,Literacy_Flag,âœ“
Hangu,Attendance_Flag,âœ“
Hangu,Energy_Flag_Elec,âœ“
Hangu,San_Flag,âœ“
Hangu,Wtr_Flag,âœ“
Karak,Literacy_Flag,âœ“
Karak,Attendance_Flag,âœ“
Karak,Energy_Flag_Elec,âœ“
Karak,San_Flag,âœ“
Karak,Wtr_Flag,âœ“
Kohat,Literacy_Flag,âœ“
Kohat,Attendance_Flag,âœ“
Kohat,Energy_Flag_Elec,âœ“
Kohat,San_Flag,âœ“
Kohat,Wtr_Flag,âœ“
Kurram,Literacy_Flag,âœ“
Kurram,Attendance_Flag,âœ“
Kurram,Energy_Flag_Elec,âœ“
Kurram,San_Flag,âœ“
Kurram,Wtr_Flag,âœ“
Orakzai,Literacy_Flag,âœ“
Orakzai,Attendance_Flag,âœ“
Orakzai,Energy_Flag_Elec,âœ“
Orakzai,San_Flag,âœ“
Orakzai,Wtr_Flag,âœ“
Bajaur,Literacy_Flag,âœ“
Bajaur,Attendance_Flag,âœ“
Bajaur,Energy_Flag_Elec,âœ“
Bajaur,San_Flag,âœ“
Bajaur,Wtr_Flag,âœ“
Buner,Literacy_Flag,âœ“
Buner,Attendance_Flag,âœ“
Buner,Energy_Flag_Elec,âœ“
Buner,San_Flag,âœ“
Buner,Wtr_Flag,âœ“
Lower Chitral,Literacy_Flag,âœ“
Lower Chitral,Attendance_Flag,âœ“
Lower Chitral,Energy_Flag_Elec,âœ“
Lower Chitral,San_Flag,âœ“
Lower Chitral,Wtr_Flag,âœ“
Lower Dir,Literacy_Flag,âœ“
Lower Dir,Attendance_Flag,âœ“
Lower Dir,Energy_Flag_Elec,âœ“
Lower Dir,San_Flag,âœ“
Lower Dir,Wtr_Flag,âœ“
Malakand Protected Area,Literacy_Flag,âœ“
Malakand Protected Area,Attendance_Flag,âœ“
Malakand Protected Area,Energy_Flag_Elec,âœ“
Malakand Protected Area,San_Flag,âœ“
Malakand Protected Area,Wtr_Flag,âœ“
Shangla,Literacy_Flag,âœ“
Shangla,Attendance_Flag,âœ“
Shangla,Energy_Flag_Elec,âœ“
Shangla,San_Flag,âœ“
Shangla,Wtr_Flag,âœ“
Swat,Literacy_Flag,âœ“
Swat,Attendance_Flag,âœ“
Swat,Energy_Flag_Elec,âœ“
Swat,San_Flag,âœ“
Swat,Wtr_Flag,âœ“
Upper Chitral,Literacy_Flag,âœ“
Upper Chitral,Attendance_Flag,âœ“
Upper Chitral,Energy_Flag_Elec,âœ“
Upper Chitral,San_Flag,âœ“
Upper Chitral,Wtr_Flag,âœ“
Upper Dir,Literacy_Flag,âœ“
Upper Dir,Attendance_Flag,âœ“
Upper Dir,Energy_Flag_Elec,âœ“
Upper Dir,San_Flag,âœ“
Upper Dir,Wtr_Flag,âœ“
Mardan,Literacy_Flag,âœ“
Mardan,Attendance_Flag,âœ“
Mardan,Energy_Flag_Elec,âœ“
Mardan,San_Flag,âœ“
Mardan,Wtr_Flag,âœ“
Swabi,Literacy_Flag,âœ“
Swabi,Attendance_Flag,âœ“
Swabi,Energy_Flag_Elec,âœ“
Swabi,San_Flag,âœ“
Swabi,Wtr_Flag,âœ“
Charsadda,Literacy_Flag,âœ“
Charsadda,Attendance_Flag,âœ“
Charsadda,Energy_Flag_Elec,âœ“
Charsadda,San_Flag,âœ“
Charsadda,Wtr_Flag,âœ“
Khyber,Literacy_Flag,âœ“
Khyber,Attendance_Flag,âœ“
Khyber,Energy_Flag_Elec,âœ“
Khyber,San_Flag,âœ“
Khyber,Wtr_Flag,âœ“
Mohmand,Literacy_Flag,âœ“
Mohmand,Attendance_Flag,âœ“
Mohmand,Energy_Flag_Elec,âœ“
Mohmand,San_Flag,âœ“
Mohmand,Wtr_Flag,âœ“
Nowshera,Literacy_Flag,âœ“
Nowshera,Attendance_Flag,âœ“
Nowshera,Energy_Flag_Elec,âœ“
Nowshera,San_Flag,âœ“
Nowshera,Wtr_Flag,âœ“
Peshawar,Literacy_Flag,âœ“
Peshawar,Attendance_Flag,âœ“
Peshawar,Energy_Flag_Elec,âœ“
Peshawar,San_Flag,âœ“
Peshawar,Wtr_Flag,âœ“
Awaran,Literacy_Flag,âœ“
Awaran,Attendance_Flag,âœ“
Awaran,Energy_Flag_Elec,âœ“
Awaran,San_Flag,âœ“
Awaran,Wtr_Flag,âœ“
Kalat,Literacy_Flag,âœ“
Kalat,Attendance_Flag,âœ“
Kalat,Energy_Flag_Elec,âœ“
Kalat,San_Flag,âœ“
Kalat,Wtr_Flag,âœ“
Khuzdar,Literacy_Flag,âœ“
Khuzdar,Attendance_Flag,âœ“
Khuzdar,Energy_Flag_Elec,âœ“
Khuzdar,San_Flag,âœ“
Khuzdar,Wtr_Flag,âœ“
Lasbela,Literacy_Flag,âœ“
Lasbela,Attendance_Flag,âœ“
Lasbela,Energy_Flag_Elec,âœ“
Lasbela,San_Flag,âœ“
Lasbela,Wtr_Flag,âœ“
Mastung,Literacy_Flag,âœ“
Mastung,Attendance_Flag,âœ“
Mastung,Energy_Flag_Elec,âœ“
Mastung,San_Flag,âœ“
Mastung,Wtr_Flag,âœ“
Surab,Literacy_Flag,âœ“
Surab,Attendance_Flag,âœ“
Surab,Energy_Flag_Elec,âœ“
Surab,San_Flag,âœ“
Surab,Wtr_Flag,âœ“
Barkhan,Literacy_Flag,âœ“
Barkhan,Attendance_Flag,âœ“
Barkhan,Energy_Flag_Elec,âœ“
Barkhan,San_Flag,âœ“
Barkhan,Wtr_Flag,âœ“
Duki,Literacy_Flag,âœ“
Duki,Attendance_Flag,âœ“
Duki,Energy_Flag_Elec,âœ“
Duki,San_Flag,âœ“
Duki,Wtr_Flag,âœ“
Loralai,Literacy_Flag,âœ“
Loralai,Attendance_Flag,âœ“
Loralai,Energy_Flag_Elec,âœ“
Loralai,San_Flag,âœ“
Loralai,Wtr_Flag,âœ“
Musakhel,Literacy_Flag,âœ“
Musakhel,Attendance_Flag,âœ“
Musakhel,Energy_Flag_Elec,âœ“
Musakhel,San_Flag,âœ“
Musakhel,Wtr_Flag,âœ“
Gwadar,Literacy_Flag,âœ“
Gwadar,Attendance_Flag,âœ“
Gwadar,Energy_Flag_Elec,âœ“
Gwadar,San_Flag,âœ“
Gwadar,Wtr_Flag,âœ“
Kech,Literacy_Flag,âœ“
Kech,Attendance_Flag,âœ“
Kech,Energy_Flag_Elec,âœ“
Kech,San_Flag,âœ“
Kech,Wtr_Flag,âœ“
Panjgur,Literacy_Flag,âœ“
Panjgur,Attendance_Flag,âœ“
Panjgur,Energy_Flag_Elec,âœ“
Panjgur,San_Flag,âœ“
Panjgur,Wtr_Flag,âœ“
Jaffarabad,Literacy_Flag,âœ“
Jaffarabad,Attendance_Flag,âœ“
Jaffarabad,Energy_Flag_Elec,âœ“
Jaffarabad,San_Flag,âœ“
Jaffarabad,Wtr_Flag,âœ“
Jhal Magsi,Literacy_Flag,âœ“
Jhal Magsi,Attendance_Flag,âœ“
Jhal Magsi,Energy_Flag_Elec,âœ“
Jhal Magsi,San_Flag,âœ“
Jhal Magsi,Wtr_Flag,âœ“
Kachhi,Literacy_Flag,âœ“
Kachhi,Attendance_Flag,âœ“
Kachhi,Energy_Flag_Elec,âœ“
Kachhi,San_Flag,âœ“
Kachhi,Wtr_Flag,âœ“
Nasirabad,Literacy_Flag,âœ“
Nasirabad,Attendance_Flag,âœ“
Nasirabad,Energy_Flag_Elec,âœ“
Nasirabad,San_Flag,âœ“
Nasirabad,Wtr_Flag,âœ“
Sohbatpur,Literacy_Flag,âœ“
Sohbatpur,Attendance_Flag,âœ“
Sohbatpur,Energy_Flag_Elec,âœ“
Sohbatpur,San_Flag,âœ“
Sohbatpur,Wtr_Flag,âœ“
Chaman,Literacy_Flag,âœ“
Chaman,Attendance_Flag,âœ“
Chaman,Energy_Flag_Elec,âœ“
Chaman,San_Flag,âœ“
Chaman,Wtr_Flag,âœ“
Killa Abdullah,Literacy_Flag,âœ“
Killa Abdullah,Attendance_Flag,âœ“
Killa Abdullah,Energy_Flag_Elec,âœ“
Killa Abdullah,San_Flag,âœ“
Killa Abdullah,Wtr_Flag,âœ“
Pishin,Literacy_Flag,âœ“
Pishin,Attendance_Flag,âœ“
Pishin,Energy_Flag_Elec,âœ“
Pishin,San_Flag,âœ“
Pishin,Wtr_Flag,âœ“
Quetta,Literacy_Flag,âœ“
Quetta,Attendance_Flag,âœ“
Quetta,Energy_Flag_Elec,âœ“
Quetta,San_Flag,âœ“
Quetta,Wtr_Flag,âœ“
Chagai,Literacy_Flag,âœ“
Chagai,Attendance_Flag,âœ“
Chagai,Energy_Flag_Elec,âœ“
Chagai,San_Flag,âœ“
Chagai,Wtr_Flag,âœ“
Kharan,Literacy_Flag,âœ“
Kharan,Attendance_Flag,âœ“
Kharan,Energy_Flag_Elec,âœ“
Kharan,San_Flag,âœ“
Kharan,Wtr_Flag,âœ“
Nushki,Literacy_Flag,âœ“
Nushki,Attendance_Flag,âœ“
Nushki,Energy_Flag_Elec,âœ“
Nushki,San_Flag,âœ“
Nushki,Wtr_Flag,âœ“
Washuk,Literacy_Flag,âœ“
Washuk,Attendance_Flag,âœ“
Washuk,Energy_Flag_Elec,âœ“
Washuk,San_Flag,âœ“
Washuk,Wtr_Flag,âœ“
Dera Bugti,Literacy_Flag,âœ“
Dera Bugti,Attendance_Flag,âœ“
Dera Bugti,Energy_Flag_Elec,âœ“
Dera Bugti,San_Flag,âœ“
Dera Bugti,Wtr_Flag,âœ“
Harnai,Literacy_Flag,âœ“
Harnai,Attendance_Flag,âœ“
Harnai,Energy_Flag_Elec,âœ“
Harnai,San_Flag,âœ“
Harnai,Wtr_Flag,âœ“
Kohlu,Literacy_Flag,âœ“
Kohlu,Attendance_Flag,âœ“
Kohlu,Energy_Flag_Elec,âœ“
Kohlu,San_Flag,âœ“
Kohlu,Wtr_Flag,âœ“
Sibi,Literacy_Flag,âœ“
Sibi,Attendance_Flag,âœ“
Sibi,Energy_Flag_Elec,âœ“
Sibi,San_Flag,âœ“
Sibi,Wtr_Flag,âœ“
Ziarat,Literacy_Flag,âœ“
Ziarat,Attendance_Flag,âœ“
Ziarat,Energy_Flag_Elec,âœ“
Ziarat,San_Flag,âœ“
Ziarat,Wtr_Flag,âœ“
Killa Saifullah,Literacy_Flag,âœ“
Killa Saifullah,Attendance_Flag,âœ“
Killa Saifullah,Energy_Flag_Elec,âœ“
Killa Saifullah,San_Flag,âœ“
Killa Saifullah,Wtr_Flag,âœ“
Sherani,Literacy_Flag,âœ“
Sherani,Attendance_Flag,âœ“
Sherani,Energy_Flag_Elec,âœ“
Sherani,San_Flag,âœ“
Sherani,Wtr_Flag,âœ“
Zhob,Literacy_Flag,âœ“
Zhob,Attendance_Flag,âœ“
Zhob,Energy_Flag_Elec,âœ“
Zhob,San_Flag,âœ“
Zhob,Wtr_Flag,âœ“
ICT,Literacy_Flag,âœ“
ICT,Attendance_Flag,âœ“
ICT,Energy_Flag_Elec,âœ“
ICT,San_Flag,âœ“
ICT,Wtr_Flag,âœ“
