Province,Division,District,Households,Pop2023,AHS,Pop2017,GR,DistrictKey,Disab_Communication,Disab_Disability,Disab_Functional_limitation,Disab_Hearing,Disab_Memorization_Focus,Disab_Population,Disab_Seeing,Disab_Self_care_etc,Disab_Walking_Climbing,Lang_BALOCHI,Lang_BALTI,Lang_BRAHVI,Lang_HINDKO,Lang_KALASHA,Lang_KASHMIRI,Lang_KOHIOSTANI,Lang_MEWATI,Lang_OTHERS,Lang_PUNJABI,Lang_PUSHTO,Lang_SARAIKI,Lang_SHINA,Lang_SINDHI,Lang_TOTAL,Lang_URDU,EverAttended,Lit_GE10,OutOfSchool_5_16,Pop_GE10,Pop_GE5,Literacy_01,Literacy_Flag,Attendance_01,Attendance_Flag,Energy_HOUSEHOLDS,Energy_LIGHT_ELECT,Energy_LIGHT_SOLAR,Energy_LIGHT_OTHERS,Energy_FUEL_GAS,Energy_FUEL_LPGCNG,Energy_FUEL_FIREWOOD,Energy_FUEL_OTHERS,Energy_SEP_KITCHEN,Energy_NO_KITCHEN,Energy_Access_Electricity,Energy_Flag_Elec,San_HOUSEHOLDS,San_TOILET_SEPARATE,San_TOILET_FLUSH,San_TOILET_NON_FLUSH,San_TOILET_NONE,San_WASHROOM_SEPARATE,San_WASHROOM_NONE,San_Access_SanitaryToilet,San_Flag,Wtr_HOUSEHOLDS,Wtr_DRINK_WTR_IMPROVE,Wtr_DRINK_WTR_INSIDE,Wtr_DRINK_WTR_OUTSIDE,Wtr_DRINK_WTR_TAP,Wtr_DRINK_WTR_MOTOR,Wtr_DRINK_WTR_WELL,Wtr_DRINK_WTR_FILTER,Wtr_DRINK_WTR_BOTTLE,Wtr_DRINK_WTR_OTHER,Wtr_Access_ImprovedDrink,Wtr_Flag,Age_TotalPop,Age_Male,Age_Female,Age_Trans,Age_Rural,Age_Urban,Marital_DIVORCED,Marital_MARRIED,Marital_NEVER_MARRIED,Marital_SEPERATION,Marital_WIDOWED
Punjab,Bahawalpur,Bahawalnagar,558333,3550342,6.36,2975656,3,BAHAWALNAGAR,42506,148459,341006,66741,52563,3544911,61733,38923,116775,708,12,71,958,2,57,1,2592,9488,3334877,10959,61735,0,4668,3544911,118783,1768286,1466956,344881,2572990,3052233,0.5701366892214894,âœ“,0.579341747500928,âœ“,557616,517983,8001,31632,44591,27864,430980,54181,248668,276342,0.928924205905139,âœ“,557616,387669,446194,13973,97449,379252,109914,0.8001814869013801,âœ“,557616,518200,384349,173267,234753,242705,3664,33681,1752,41061,0.9293133626007862,âœ“,3544911,1842888,1701653,370,2571296,973615,12734,1398027,616907,5137,89738
Punjab,Bahawalpur,Bahawalpur,674155,4284964,6.36,3669176,2.63,BAHAWALPUR,45760,157181,356787,71063,57082,4264457,64455,41482,119861,3420,193,356,23805,3,1630,36,19477,29132,1031590,21320,2894315,205,5627,4264457,233348,1934371,1618280,487764,3033056,3616066,0.5335476826013104,âœ“,0.5349379684994687,âœ“,673437,627125,8758,37554,146615,23061,486539,17222,339256,279098,0.9312303897766236,âœ“,673437,479787,568888,13411,91138,432574,152181,0.8447531097934922,âœ“,673437,652974,523870,149567,179711,417270,3708,50679,1452,20617,0.9696140841682296,âœ“,4264457,2165158,2098830,469,2662487,1601970,10331,1692658,711516,4714,101526
Punjab,Bahawalpur,Rahim Yar Khan,827525,5564703,6.72,4807762,2.47,RAHIM YAR KHAN,69838,210132,655839,133289,96385,5561720,117603,76223,207079,90533,100,1131,76789,61,1469,202,2678,95719,1330624,46868,3610719,725,141327,5561720,162775,2247306,1858774,781930,3877479,4677514,0.4793769353747629,âœ“,0.48044880250492034,âœ“,826942,747815,17929,61198,168406,16572,607097,34867,369736,383485,0.9043137245417454,âœ“,826942,563119,685407,23874,117661,482604,224088,0.8288453120049531,âœ“,826942,804941,570895,256047,282198,420731,2707,76089,6612,38605,0.9733947483620374,âœ“,5561720,2895390,2665779,551,4221634,1340086,9315,2181134,880360,4530,126414
Punjab,Dera Ghazi Khan,Dera Ghazi Khan,454711,3393705,7.46,2872631,2.83,DERA GHAZI KHAN,34379,117462,303568,59761,45391,3386575,53466,35635,98353,505950,3,22,492,2,1121,0,30,549,12438,21261,2761721,5,1699,3386575,81282,1284821,1045814,514965,2235453,2762926,0.4678309049664654,âœ“,0.4650218645016189,âœ“,454464,366969,45273,42222,54723,13681,369099,16961,192504,198997,0.8074764997887621,âœ“,454464,245677,319937,15841,118686,223931,150492,0.7039875545697789,âœ“,454464,414669,289171,165293,162258,186834,8818,47315,891,48348,0.9124353084072666,âœ“,3386575,1709510,1676944,121,2581903,804672,2792,1300268,448282,1650,50764
Punjab,Dera Ghazi Khan,Layyah,341276,2102386,6.16,1823995,2.4,LAYYAH,26623,91499,224275,44107,34661,2102361,40833,25646,75184,1810,427,20,1282,1,449,1,1725,3904,579622,47448,1406363,12,1391,2102361,57906,1128983,926057,145207,1497639,1771519,0.6183446077459254,âœ“,0.6372965799407175,âœ“,341131,291515,20351,29265,20429,14967,297374,8361,172238,120818,0.8545544087168859,âœ“,341131,224076,294042,6382,40707,202593,71764,0.8619621201239407,âœ“,341131,336363,319746,21385,94001,237158,623,1260,197,7892,0.9860229647847896,âœ“,2102361,1082910,1019362,89,1716092,386269,3347,836661,358245,1506,43115
Punjab,Dera Ghazi Khan,Muzaffargarh,804783,5015325,6.23,4328549,2.49,MUZAFFARGARH,58381,178440,541984,110632,81224,5012124,97206,62487,173505,14333,93,16,1129,2,1610,11,843,5948,260641,46187,4479408,15,1921,5012124,199967,1973302,1628943,710633,3394476,4138313,0.4798805471006423,âœ“,0.47683730061017615,âœ“,804438,732759,16639,55040,87216,9737,670147,37338,328854,367237,0.9108955568981076,âœ“,804438,445353,611886,22621,169931,373556,279394,0.7606378614635311,âœ“,804438,796037,756301,48137,364351,416951,1203,11603,315,10015,0.9895566842938796,âœ“,5012124,2545343,2466672,109,4066845,945279,6853,1920249,718615,4670,94336
Punjab,Dera Ghazi Khan,Rajanpur,354271,2381049,6.72,1996039,2.99,RAJANPUR,22278,83988,188715,35486,28487,2323980,33867,22074,63606,413077,7,22,548,0,726,0,1399,1769,53062,8795,1781906,0,2102,2323980,60567,684283,543915,442819,1507085,1891721,0.3609053238536646,âœ“,0.3617251169702086,âœ“,354016,203209,40353,110454,3916,17766,310933,21401,121842,173520,0.5740107791738227,âœ“,354016,139514,204808,15995,133213,127468,154875,0.5785275241796981,âœ“,354016,317781,271338,82678,143624,167535,5176,1741,2384,33556,0.8976458691132604,âœ“,2323980,1181789,1142073,118,1694281,629699,1630,853788,310825,1611,35961
Punjab,Faisalabad,Chiniot,256660,1563024,6.09,1368659,2.24,CHINIOT,18420,59679,145424,28623,22410,1563024,26354,16290,49434,191,10,0,56,0,954,321,6,506,1486135,17751,1629,24,2217,1563024,53224,778505,630806,128830,1145954,1346961,0.5504636311754224,âœ“,0.5779714483195876,âœ“,256438,241660,3841,10937,63177,5561,166475,21225,128318,97811,0.9423720353457756,âœ“,256438,141472,176596,5486,74356,142938,73285,0.6886498880821095,âœ“,256438,252125,224924,31514,48468,188925,528,13736,251,4530,0.9831811198028372,âœ“,1563024,790731,772126,167,1071352,491672,9951,627064,263771,4742,54274
Punjab,Faisalabad,Faisalabad,1384668,9075819,6.55,7882444,2.38,FAISALABAD,99388,325590,838113,165256,125225,9065306,145838,99381,272316,1394,178,57,1220,3,910,99,211,1365,8533486,58115,41536,72,19316,9065306,407344,5820738,5040010,479098,6865192,7899874,0.7341397006813503,âœ“,0.7368140301984564,âœ“,1382773,1353922,10873,17978,783910,70664,493228,34971,955287,289676,0.9791354040034048,âœ“,1382773,1133041,1287363,22274,73136,1114732,93347,0.931000966897676,âœ“,1382773,1286143,464914,917859,282845,506618,3627,303495,69612,216576,0.9301186818082215,âœ“,9065306,4726182,4338162,962,4682740,4382566,30738,3690452,1855968,11732,269515
Punjab,Faisalabad,Jhang,494761,3077720,6.22,2742633,1.95,JHANG,43990,132964,394147,80590,59521,3065639,71938,45056,125819,752,3,32,1743,0,5105,20,9662,2514,2861278,15435,19333,5,5289,3065639,144468,1601136,1324823,245763,2228470,2633635,0.5944989162968315,âœ“,0.6079566834432258,âœ“,491999,454810,8880,28309,82034,11276,375435,23254,257744,172470,0.9244124479927804,âœ“,491999,302264,377014,12683,102302,295593,112479,0.7662901753865353,âœ“,491999,486121,454573,37426,114792,352510,1029,17210,671,5787,0.9880528212455716,âœ“,3065639,1585616,1479771,252,2264713,800926,11497,1241399,513995,4977,88214
Punjab,Faisalabad,Toba Tek Singh,391861,2511963,6.41,2191495,2.31,TOBA TEK SINGH,33434,101291,307480,62160,45849,2524044,56199,35103,98032,475,9,7,2445,1,110,0,9283,525,2428237,10675,3836,2,5756,2524044,62683,1581424,1358123,142390,1902553,2200639,0.7138424001854351,âœ“,0.718620364357807,âœ“,393896,380659,3581,9656,148949,9287,225954,9706,251337,109898,0.9663946828604504,âœ“,393896,315411,353149,11178,29569,310235,36464,0.896553912707923,âœ“,393896,379724,264396,129500,132324,205122,1652,32301,3870,18627,0.9640209598472692,âœ“,2524044,1295646,1228162,236,1960519,563525,8575,1044941,484848,2403,76386
Punjab,Gujranwala,Gujranwala,849524,5959750,7.02,5011066,2.94,GUJRANWALA,72789,176017,731556,156409,105868,5940173,131543,85555,217305,2089,97,17,1730,16,14716,196,1468,1211,5483918,46040,5323,103,14367,5940173,368882,3827867,3336551,321967,4345898,5016623,0.7677471951711706,âœ“,0.7630366084914094,âœ“,849177,836739,7562,4876,630436,54382,111372,52987,652421,105540,0.9853528769620468,âœ“,849177,726387,821732,14446,12999,721187,19336,0.967680471797988,âœ“,849177,841395,658143,191034,96320,656222,2284,86031,261,8059,0.9908358328122404,âœ“,5940173,3018895,2920741,537,2365418,3574755,12443,2308399,1194627,4190,140183
Punjab,Gujranwala,Gujrat,489589,3219375,6.58,2756289,2.63,GUJRAT,46676,118220,441618,91727,64665,3216000,84237,48964,138353,971,187,25,1857,14,2329,1243,66,2366,3005893,69402,9445,369,9877,3216000,111956,2322721,2032866,118204,2498174,2837143,0.8137407562483638,âœ“,0.8186830907007507,âœ“,489337,482109,3983,3245,246658,97699,135002,9978,417827,35943,0.985228993515716,âœ“,489337,431408,468668,6631,14038,427152,19575,0.9577612156857136,âœ“,489337,484430,329488,159849,63421,378254,1630,40263,485,5284,0.9899721459852822,âœ“,3216000,1606601,1609209,190,1892820,1323180,14412,1370053,651117,3223,109104
Punjab,Gujranwala,Hafizabad,197277,1319909,6.69,1156954,2.23,HAFIZABAD,16324,40672,155147,32212,22860,1319651,29089,17281,48312,74,3,0,136,0,3113,85,200,382,1263482,7956,423,8,2128,1319651,41661,754398,650199,78767,988643,1141590,0.6576681370322756,âœ“,0.6608309463117231,âœ“,197206,193493,1568,2145,145717,1870,43220,6399,131554,49145,0.9811719724551992,âœ“,197206,157913,176929,3324,16953,155001,20323,0.8971785848300762,âœ“,197206,186823,142983,54223,52401,118667,383,11376,191,14188,0.9473494721255944,âœ“,1319651,669900,649691,60,815517,504134,4473,537960,254988,1727,36030
Punjab,Gujranwala,Mandi Bahauddin,286168,1829486,6.39,1594039,2.33,MANDI BAHAUDDIN,28782,73069,282049,59862,41495,1829152,51197,32824,84986,734,27,1,129,0,153,827,17,599,1704687,32304,2800,40,3248,1829152,83586,1116321,963813,110399,1371605,1579976,0.7026899143703909,âœ“,0.7065430107799106,âœ“,285989,280407,2089,3493,100920,25918,154573,4578,217408,45330,0.98048176678124,âœ“,285989,224264,248405,6741,30843,225606,30060,0.8685823580627227,âœ“,285989,280729,165495,120494,76897,159440,568,43416,251,5417,0.9816076842116304,âœ“,1829152,916966,912047,139,1483259,345893,5487,747615,353529,2062,58185
Punjab,Gujranwala,Narowal,281628,1950954,6.93,1707575,2.25,NAROWAL,21755,59839,191981,39067,29138,1950769,36206,21119,62673,54,22,1,95,14,58,1,44491,530,1839288,2204,1032,12,3489,1950769,59478,1285365,1096110,79034,1455970,1686029,0.7528383139762496,âœ“,0.7623623318460121,âœ“,281536,278132,2095,1309,39184,19348,140540,82464,213993,44855,0.987909183905433,âœ“,281536,238888,265022,4014,12500,232544,20041,0.941343203000682,âœ“,281536,278211,240332,41204,31478,232453,797,13464,33,3311,0.9881897874516936,âœ“,1950769,996357,954327,85,1601749,349020,4787,774878,393023,938,50765
Punjab,Gujranwala,Sialkot,671589,4499394,6.7,3894938,2.44,SIALKOT,42086,128725,360549,71364,54587,4472462,66039,41041,120765,632,158,7,1530,40,794,353,56787,4533,4115055,54699,10159,213,10151,4472462,217351,3083599,2630257,153560,3356203,3865938,0.783700211220835,âœ“,0.797632812528292,âœ“,671320,661303,5458,4559,382226,73327,118266,97501,541028,66313,0.985078651015909,âœ“,671320,579321,644597,10291,16432,571393,25060,0.9601933504141096,âœ“,671320,664795,411849,259471,87329,397596,1860,177626,419,6490,0.990280343204433,âœ“,4472462,2265012,2206591,859,3017087,1455375,12099,1780354,915242,2987,129682
Punjab,Lahore,Kasur,645838,4084286,6.32,3454881,2.84,KASUR,41556,108621,377807,78782,56980,4081568,73185,40784,123837,584,76,15,296,131,242,53,470749,13097,3440450,7855,3854,66,7041,4081568,137059,2194254,1844344,274362,2934580,3447800,0.6284865295885612,âœ“,0.6364214861650908,âœ“,645308,632923,5001,7384,171732,25556,387429,60591,322158,230003,0.9808076143484972,âœ“,645308,449156,603103,9150,33055,427038,63077,0.9345971226143176,âœ“,645308,631491,485439,159869,156320,432973,2997,33782,2375,16861,0.978588518970786,âœ“,4081568,2085912,1995257,399,2840199,1241369,10280,1596156,754267,4318,91504
Punjab,Lahore,Lahore,2012526,13004135,6.46,11119985,2.65,LAHORE,145842,403707,1432780,299526,208902,12978661,255140,171939,435865,4266,2675,176,33061,179,12165,543,260544,15682,9549169,267809,62016,1282,27074,12978661,2742020,8628495,7760203,718199,9746671,11151025,0.7961901042930453,âœ“,0.773784921117117,âœ“,2010225,1972051,21580,16594,1700707,150393,124237,34888,1605996,139307,0.981010085935654,âœ“,2010225,1678820,1921046,52476,36703,1636565,83721,0.955637304281859,âœ“,2010225,1970577,1284670,725555,819641,602125,6897,488946,51476,41140,0.9802768346826848,âœ“,12978661,6869574,6105711,3376,0,12978661,32171,5278345,2709923,11877,295912
Punjab,Lahore,Nankana Sahib,247121,1634871,6.62,1354986,3.19,NANKANA SAHIB,16098,37175,136656,30191,21508,1634871,25783,15273,42511,137,6,0,218,0,52,1,3827,523,1589827,4890,953,18,3706,1634871,30713,911753,761403,108439,1206271,1409245,0.6312039334444748,âœ“,0.6469797657610991,âœ“,246956,242186,2053,2717,96876,7387,116433,26260,140272,81869,0.9806848183482078,âœ“,246956,186801,222957,4025,19974,182014,26256,0.9028207453959408,âœ“,246956,228307,80874,166082,39551,131395,641,47064,1148,27157,0.9244845235588526,âœ“,1634871,831931,802859,81,1311483,323388,4885,655150,308598,1675,42540
Punjab,Lahore,Sheikhupura,593506,4049418,6.82,3460004,2.66,SHEIKHUPURA,36573,107514,329440,67261,49745,4049377,59946,37787,106419,457,79,517,2001,16,1525,34,10566,2443,3782194,38427,4775,45,8223,4049377,198075,2363139,2040443,262076,2962186,3445605,0.6888301409837194,âœ“,0.685841528555943,âœ“,593260,583434,5169,4657,321416,50960,171768,49116,423056,105662,0.9834372787647911,âœ“,593260,493564,569941,9699,13620,484694,24649,0.9606934564946228,âœ“,593260,577250,422150,171110,95274,390024,2900,81527,555,22980,0.9730135185247616,âœ“,4049377,2079359,1969412,606,2498625,1550752,8226,1606381,785326,3134,87956
Punjab,Multan,Khanewal,526609,3364077,6.39,2920233,2.39,KHANEWAL,46202,119105,431015,92614,64825,3363589,78248,48762,132916,819,31,10,2289,2,385,2,2567,24421,2368354,36657,652794,0,4574,3363589,270684,1778384,1497449,270019,2456148,2888710,0.6096737655874157,âœ“,0.6156325834022799,âœ“,526196,505318,4355,16523,127058,11552,376727,10859,263552,213637,0.9603227694623296,âœ“,526196,383934,461957,12133,52106,366055,75059,0.8779181141627834,âœ“,526196,518533,480674,45522,66842,426972,1282,22239,458,8403,0.9854369854578904,âœ“,3363589,1734421,1628782,386,2646990,716599,11470,1344577,596201,4761,100670
Punjab,Multan,Lodhran,324020,1928299,5.95,1699693,2.13,LODHRAN,18350,42812,137118,30334,22998,1926357,26671,14342,45342,478,3,253,6482,12,566,6,42196,32535,293310,4919,1421611,2,500,1926357,123484,871116,716142,214246,1385693,1647480,0.5168114438046523,âœ“,0.5287566465146769,âœ“,323866,309294,2589,11983,34907,6141,251882,30936,140788,139387,0.955006082762624,âœ“,323866,206679,277767,7364,38735,192514,58458,0.8576602669005082,âœ“,323866,312562,251892,71974,52608,224694,2184,24451,2349,17580,0.9650966757856644,âœ“,1926357,996914,929326,117,1603155,323202,5100,781143,311001,2600,50159
Punjab,Multan,Multan,887304,5362305,6.04,4746166,2.06,MULTAN,59072,151125,535148,111168,81223,5340762,99718,58548,172293,6287,94,87,4563,10,1782,32,49954,24086,854421,36574,3412395,58,4051,5340762,946368,2839095,2421172,475376,3942603,4610487,0.6141049453876031,âœ“,0.6157906962973759,âœ“,886392,863945,5641,16806,407704,38414,414045,26229,476888,305646,0.974675989855504,âœ“,886392,638044,795090,17900,73402,598038,127874,0.8969959115154469,âœ“,886392,867724,734931,151461,141742,631922,2529,86811,2995,20393,0.9789393406077672,âœ“,5340762,2720277,2620078,407,2859260,2481502,14058,2186181,957437,7343,143991
Punjab,Multan,Vehari,543384,3430421,6.31,2902081,2.83,VEHARI,30316,80187,223914,48335,36584,3428191,41862,24726,72508,738,2,77,584,5,723,8,4038,14141,2540236,8002,655441,1,4255,3428191,199940,1732796,1470060,307383,2487435,2919141,0.5909943375404785,âœ“,0.5935979111663329,âœ“,543036,524787,4330,13919,77259,23952,407202,34623,292708,200961,0.9663944931827724,âœ“,543036,409222,476446,15065,51525,394473,69786,0.8773746123645578,âœ“,543036,528449,444737,98299,64148,408950,3123,51094,833,14888,0.9731380608283796,âœ“,3428191,1733665,1694087,439,2645727,782464,11297,1384160,597104,4878,92793
Punjab,Rawalpindi,Attock,354235,2170423,6.13,1886378,2.37,ATTOCK,26930,91912,220659,43115,34328,2133005,41161,25066,74888,1105,171,125,307305,20,4224,5798,100,17442,1391285,332481,8665,782,6379,2133005,57123,1350821,1165399,96795,1659542,1890704,0.7022413412857282,âœ“,0.7144539811625722,âœ“,353973,340043,7536,6394,187997,11866,150967,3143,304829,23538,0.9606467159924628,âœ“,353973,309451,328013,8738,17222,301365,26586,0.9266610730196936,âœ“,353973,334155,278201,75772,68990,237318,27543,2572,361,17189,0.944012678933139,âœ“,2133005,1071693,1061231,81,1546356,586649,7726,930316,421244,1738,67697
Punjab,Rawalpindi,Chakwal,288997,1734854,6,1495463,2.51,CHAKWAL,23386,86432,188201,35422,28921,1731689,33031,21596,64943,666,123,2,2541,3,1084,260,13,429,1593793,94711,5623,325,3439,1731689,28677,1182981,1037126,60787,1333288,1508682,0.7778709476122189,âœ“,0.7841155392587702,âœ“,288838,280118,4888,3832,88152,25539,170895,4252,255459,18369,0.9698100665424908,âœ“,288838,251659,264076,7848,16914,250944,18383,0.9142702829960048,âœ“,288838,275440,234788,54050,36486,225246,8457,1457,281,16911,0.9536141366440704,âœ“,1731689,862509,869091,89,1296931,434758,9917,740494,337740,2419,69423
Punjab,Rawalpindi,Jhelum,229227,1382308,6.03,1222403,2.08,JHELUM,18428,67316,129984,25103,21532,1366297,24452,15092,45571,603,140,11,1786,11,1746,343,33,44295,1213526,37268,3649,176,4730,1366297,57980,999332,872137,42117,1081370,1219023,0.8065111848858393,âœ“,0.8197810869852332,âœ“,229064,224574,2391,2099,42313,67504,117362,1885,197967,14051,0.9803984912513534,âœ“,229064,196698,211985,4381,12698,196061,13729,0.9254400516886112,âœ“,229064,218939,178752,50312,45861,151613,12028,9233,145,10184,0.9557983794921944,âœ“,1366297,695983,670216,98,837927,528370,7340,597017,283400,1769,51018
Punjab,Rawalpindi,Rawalpindi,999347,6118911,6.12,5402380,2.1,RAWALPINDI,78289,267966,650571,126763,102401,6058540,119402,75631,220739,3911,7652,370,236986,208,89835,10921,522,382852,3596866,630908,40031,11101,17362,6058540,1029015,4432758,3909007,239415,4696941,5337821,0.8322452847502236,âœ“,0.8304433588162661,âœ“,998000,982345,8865,6790,699289,73361,217507,7843,860367,43908,0.984313627254509,âœ“,998000,871788,947903,26351,23746,828974,69238,0.9498026052104208,âœ“,998000,925431,608526,389474,295339,439923,65199,88040,6828,102671,0.9272855711422846,âœ“,6058540,3080830,2976366,1344,1907111,4151429,17404,2553432,1289310,5621,174094
Punjab,Sahiwal,Okara,550057,3515490,6.39,3040826,2.45,OKARA,36554,87309,335509,72081,51192,3503451,63473,36469,106065,2175,211,18,535,28,228,31,17043,484,3298765,12389,1243,363,7353,3503451,162585,1847093,1533378,264889,2544906,2992955,0.602528344858317,âœ“,0.6171469333818919,âœ“,549724,535069,4689,9966,199335,11496,276230,62663,283289,211468,0.9733411675677248,âœ“,549724,403059,490449,9222,50053,382472,75607,0.8921731632601088,âœ“,549724,539105,415744,133980,67009,407064,2761,58799,850,13241,0.9806830336678042,âœ“,3503451,1783966,1719150,335,2327975,1175476,15067,1405894,614571,6143,94811
Punjab,Sahiwal,Pakpattan,344744,2136170,6.2,1824228,2.67,PAKPATTAN,25843,67500,235050,49432,35769,2135511,45432,25607,76092,1449,0,0,25,0,44,1,521,10648,2037708,6963,367,0,2962,2135511,74823,1070376,869422,176009,1521954,1795762,0.5712537961068469,âœ“,0.5960567157563196,âœ“,344546,333125,2353,9068,32750,14721,224631,72444,125292,188915,0.9668520313688158,âœ“,344546,232682,294982,7892,41672,213160,67050,0.8561469295826972,âœ“,344546,330777,288629,55917,53087,260406,2639,13892,200,14322,0.9600372664317682,âœ“,2135511,1085000,1050351,160,1662991,472520,10062,834374,359705,4831,61393
Punjab,Sahiwal,Sahiwal,446787,2881811,6.45,2513011,2.31,SAHIWAL,38708,112197,376867,77300,55247,2878122,68930,43079,119297,530,42,7,119,0,75,0,47,1865,2790216,14073,729,3,4716,2878122,65700,1585191,1364032,209761,2105939,2454662,0.6477072697737208,âœ“,0.6457878925896926,âœ“,446606,430605,3891,12110,100975,23891,306549,15191,247218,161308,0.9641719994805265,âœ“,446606,343187,397106,8635,40865,330440,56506,0.8891640506397137,âœ“,446606,438237,335800,110806,50187,313235,1134,72027,323,9700,0.9812608876728032,âœ“,2878122,1458981,1418988,153,2124128,753994,10911,1153871,527636,4301,86359
Punjab,Sargodha,Bhakkar,313559,1957470,6.24,1647852,2.92,BHAKKAR,27726,94200,237416,46889,36429,1956971,43351,26930,79615,777,15,5,1322,0,544,24,3499,11783,190358,47246,1554207,7,490,1956971,146694,928955,758886,154352,1363047,1606888,0.556757030388534,âœ“,0.5781081195453572,âœ“,313311,277723,13570,22018,12109,7280,274586,19336,157235,117434,0.8864131805139303,âœ“,313311,196921,254704,5488,53119,188119,65211,0.812943050196131,âœ“,313311,310053,306864,6447,53333,256153,573,39,9,3204,0.9896013864818024,âœ“,1956971,1016124,940770,77,1604680,352291,3956,757599,340189,1893,42528
Punjab,Sargodha,Khushab,248449,1501089,6.04,1280372,2.69,KHUSHAB,21918,62373,183528,37583,28654,1500835,34841,19467,63000,216,14,6,252,7,1645,1,17727,4336,1386448,30712,35855,54,2157,1500835,21405,836456,706088,84809,1129307,1293611,0.6252400808637509,âœ“,0.6466055096934086,âœ“,248304,221269,9139,17896,40837,6950,184779,15738,174167,49991,0.8911213673561441,âœ“,248304,175122,203503,5964,38837,170448,43511,0.8195719762871319,âœ“,248304,235331,156678,91626,83163,135709,2001,3328,479,23624,0.9477535601520716,âœ“,1500835,768006,732780,49,1082124,418711,6518,623489,288541,3156,49134
Punjab,Sargodha,Mianwali,296614,1798268,6.06,1542601,2.6,MIANWALI,31576,93835,298222,61065,44176,1795897,52717,34768,93584,572,5,40,62794,1,579,37,775,5608,139823,203759,1323393,20,1855,1795897,56636,977502,843309,128246,1341380,1550118,0.6286876202120204,âœ“,0.63059844476356,âœ“,296339,270901,11544,13894,40901,5244,237732,12462,198289,50020,0.9141591218165682,âœ“,296339,207663,259254,10880,26205,204768,31278,0.8748561613557446,âœ“,296339,278416,250062,46277,88737,181728,5917,1643,232,18082,0.9395185918829448,âœ“,1795897,916977,878855,65,1432505,363392,4791,743182,343364,1835,49088
Punjab,Sargodha,Sargodha,684799,4334448,6.33,3696212,2.7,SARGODHA,64940,202525,587574,118077,88473,4327263,107899,67518,190028,357,54,2,564,1,2340,419,31,779,3928529,54316,3353,48,7246,4327263,329224,2564735,2160405,226673,3237620,3734915,0.6672818304804147,âœ“,0.6866916650044245,âœ“,684321,657987,8541,17793,292459,16576,361281,14005,442498,145850,0.9615180595071612,âœ“,684321,471981,578632,13018,92671,464244,103304,0.8455563982400073,âœ“,684321,660905,447926,236395,246312,344058,1446,32262,5190,55053,0.965782140252893,âœ“,4327263,2190707,2136175,381,2722559,1604704,16579,1739755,846778,6120,140644
Sindh,Hyderabad,Badin,398066,1947081,4.89,1804958,1.27,BADIN,17427,39454,152688,33489,24034,1945417,30937,15830,49763,4335,0,1419,21626,0,166,221,1683,6225,53514,8424,7650,5,1825829,1945417,14320,537883,483693,381384,1319868,1634553,0.3664707379828892,âœ“,0.3290703941689257,âœ“,397892,159443,47455,190994,46925,690,328230,22047,175807,177832,0.4007192906617876,âœ“,397892,150653,127750,70829,199313,153331,197699,0.321067023212329,âœ“,397892,355209,193645,204247,165420,181114,9301,2915,1509,37633,0.8927271721974808,âœ“,1945417,1012056,933287,74,1516567,428850,1728,795751,250141,1213,40799
Sindh,Hyderabad,Dadu,340665,1742320,5.11,1550390,1.97,DADU,12007,29596,97979,21286,15592,1742307,19235,10258,32620,5974,0,760,401,0,11,0,0,425,1962,1262,2072,1,1725321,1742307,4118,663645,565078,267831,1199047,1468388,0.4712726023250131,âœ“,0.45195479668861366,âœ“,340471,210779,87058,42634,72814,1114,199899,66644,144033,103131,0.6190806265438172,âœ“,340471,223280,274924,62209,3338,136822,102991,0.8074814007654103,âœ“,340471,316805,199032,141439,139800,159695,13239,1643,5489,20605,0.9304904088747646,âœ“,1742307,883787,858434,86,1303286,439021,1116,669302,276075,1118,35967
Sindh,Hyderabad,Hyderabad,448479,2432540,5.42,2199928,1.69,HYDERABAD,25553,70624,251880,52496,37525,2432540,47067,28881,80108,17558,83,5479,18546,122,575,170,3205,56380,75959,68878,19442,236,1048906,2432540,1117001,1326048,1192087,211452,1773727,2054092,0.6720803145016115,âœ“,0.6455640740531583,âœ“,448191,408281,12650,27260,338014,7413,94280,8484,277270,36523,0.9109531427449458,âœ“,448191,315866,404210,26119,17862,292618,41885,0.90186996169044,âœ“,448191,431140,323555,124636,239644,147511,1980,23774,16452,18830,0.961955951815186,âœ“,2432540,1289277,1143092,171,410161,2022379,5679,960940,485210,2338,62246
Sindh,Hyderabad,Jamshoro,213639,1117308,5.23,993908,1.98,JAMSHORO,9206,24339,90757,19309,13586,1117216,17704,9964,29126,16348,5,1992,4372,0,229,94,397,2087,26141,20880,4613,2,999091,1117216,40965,428145,389886,169423,785657,947605,0.4962547269355457,âœ“,0.4518180043372502,âœ“,213493,137032,34877,41584,76264,2387,123716,11126,117287,42525,0.6418571100691826,âœ“,213493,125282,146948,27578,38967,111195,53467,0.6883035977760394,âœ“,213493,187781,92594,120899,84279,55696,11913,1810,1602,58193,0.8795651379670528,âœ“,1117216,577992,539157,67,595470,521746,1146,428104,196487,913,24909
Sindh,Hyderabad,Matiari,158559,849383,5.36,770040,1.65,MATIARI,6935,18327,60212,12404,9249,849351,11684,6399,19933,11322,0,488,11128,1,8,0,1,4889,3893,3599,1963,0,789454,849351,22605,315043,267295,129690,582611,707625,0.4587881107634425,âœ“,0.44521180003532945,âœ“,158463,110093,15936,32434,42853,502,110733,4375,70935,51981,0.6947552425487338,âœ“,158463,75015,101725,16796,39942,65462,56225,0.6419479626158788,âœ“,158463,154538,131194,27269,81037,71438,514,1378,304,3792,0.975230810977957,âœ“,849351,430080,419246,25,646688,202663,988,324779,138219,575,20332
Sindh,Hyderabad,Sujawal,158917,839292,5.28,779062,1.25,SUJAWAL,7101,17998,62845,13796,9922,839292,12978,6770,20663,1144,0,45,707,0,5,2,0,589,772,1283,178,0,834236,839292,331,157130,149071,207764,551765,693810,0.2701711779471333,âœ“,0.22647410674392124,âœ“,158854,49451,21500,87903,13956,285,134642,9971,75387,65203,0.3112984249688393,âœ“,158854,62824,38915,40448,79491,67521,74323,0.24497337177534087,âœ“,158854,127126,70005,88849,73029,51030,6051,188,95,28461,0.8002694297908771,âœ“,839292,437151,402109,32,750445,88847,505,316332,118127,459,14891
Sindh,Hyderabad,Tando Allahyar,177534,922012,5.19,838527,1.6,TANDO ALLAHYAR,8671,30020,85339,16777,12706,922012,15356,9987,27802,10552,1,1920,9241,0,185,1,3780,6706,22976,6136,6835,7,786867,922012,66805,284824,247486,170489,621796,762294,0.3980179994724958,âœ“,0.37364061635012213,âœ“,177471,122508,7837,47126,48077,412,122482,6500,73018,70397,0.6902986966884731,âœ“,177471,82910,100545,18391,58535,66375,76720,0.5665432662237774,âœ“,177471,171658,109779,67692,83613,82496,929,3731,713,5989,0.9672453527618596,âœ“,922012,468504,453487,21,636325,285687,979,361621,129128,446,20607
Sindh,Hyderabad,Tando Muhammad Khan,143956,726119,5.04,677098,1.18,TANDO MUHAMMAD KHAN,7379,20768,68236,14060,10280,725923,13329,7314,22851,1107,0,1340,14561,0,288,0,269,6791,5308,2798,4234,0,679052,725923,10175,193841,171013,141821,502611,617819,0.3402492185805723,âœ“,0.31375046736989315,âœ“,143798,57014,18984,67800,24961,319,103545,14973,55598,64351,0.3964867383412843,âœ“,143798,46928,49941,20446,73411,46572,74964,0.3472996842793363,âœ“,143798,138220,89680,54118,82797,52888,760,594,930,5829,0.9612094744015912,âœ“,725923,376642,349260,21,563930,161993,856,297888,101922,697,18301
Sindh,Hyderabad,Thatta,206281,1083191,5.25,982138,1.65,THATTA,10188,29353,97408,20236,14561,1083191,18320,11165,31167,10748,19,3380,1872,0,112,0,12,1489,9284,12131,1344,0,1029115,1083191,13685,222826,197949,268486,736470,911545,0.26878080573546786,âœ“,0.24444871070545063,âœ“,206202,92356,27686,86160,28493,891,170877,5941,130543,54362,0.4478909030950234,âœ“,206202,89315,63278,43259,99665,106370,81090,0.30687384215478025,âœ“,206202,160980,66638,139564,94552,54062,6164,1029,1759,48636,0.7806907789449181,âœ“,1083191,555252,527895,44,889512,193679,805,410464,172495,812,19550
Sindh,Karachi,Karachi Central,652776,3822325,5.86,2971382,4.3,KARACHI CENTRAL,53200,117476,567925,122628,81981,3820388,106080,65896,169013,33638,2438,6111,31693,109,6493,3767,4134,100841,154238,177748,148299,2205,84881,3820388,3063793,2703528,2441433,222825,2922005,3334074,0.8355334778687922,âœ“,0.8108782228588808,âœ“,651268,645540,3744,1984,637338,5294,6009,2627,470496,9884,0.9912048496164404,âœ“,651268,536051,634411,13897,2960,529137,8285,0.9741166462961484,âœ“,651268,640240,476005,175263,395447,110719,4348,51520,69749,19485,0.9830668787657308,âœ“,3820388,2018186,1801639,563,0,3820388,13155,1534941,851164,5351,103352
Sindh,Karachi,Karachi East,665452,3950031,5.94,2875315,5.45,KARACHI EAST,48134,121796,499797,106453,73439,3913656,92500,58573,152580,71312,12297,4742,91034,172,14077,2285,6738,194350,407425,453464,231523,6314,501156,3913656,1916767,2604611,2386145,286039,2980142,3418286,0.8006816453712609,âœ“,0.7619640369471717,âœ“,659389,644999,6813,7577,607341,20245,25694,6109,461357,14547,0.97817676667339,âœ“,659389,544976,622592,25105,11692,536329,19576,0.9441953080806624,âœ“,659389,641022,430977,228412,362375,94011,4930,63952,96114,38007,0.9721454255378844,âœ“,3913656,2080839,1832391,426,0,3913656,10465,1589440,855728,4346,83352
Sindh,Karachi,Karachi South,426224,2329764,5.47,1769230,4.71,KARACHI SOUTH,29842,67812,301081,65299,44995,2329764,56257,34313,91909,269872,1169,8434,86498,56,5370,551,1501,311965,190438,219474,61543,498,363930,2329764,808465,1566297,1447743,155238,1842717,2090672,0.7856567231973222,âœ“,0.7491835161134793,âœ“,425093,420044,2694,2355,377339,35714,7932,4108,269076,8209,0.988122599054795,âœ“,425093,371037,410465,12169,2459,365141,8803,0.9655887064712898,âœ“,425093,417644,298606,126487,213087,113018,1296,27592,47876,22224,0.9824767756702651,âœ“,2329764,1240860,1088520,384,0,2329764,9027,986692,529516,2839,61410
Sindh,Karachi,Karachi West,465197,2679380,5.76,2077228,4.35,KARACHI WEST,26054,54306,250872,54887,37910,2679380,48713,27685,77875,73542,1765,19374,64030,131,5434,2058,6714,40873,130596,653129,92741,772,103826,2679380,1484395,1460429,1352477,298918,2005821,2344959,0.6742760196448238,âœ“,0.6227951107034281,âœ“,464756,445924,8802,10030,377753,33445,48802,4756,348669,7386,0.9594798130631988,âœ“,464756,357469,443773,15588,5395,350982,11105,0.954851578032344,âœ“,464756,450262,298747,166009,269550,44255,3244,4592,8787,134328,0.968813743125425,âœ“,2679380,1415430,1263753,197,248952,2430428,7482,1091471,528448,3006,58073
Sindh,Karachi,Keamari,319555,2068451,6.47,1829837,2.07,KEAMARI,20301,40393,202235,44809,30778,2066574,38944,22548,61451,146835,603,13069,160190,29,6485,3254,1199,121502,223919,684923,56474,1101,191220,2066574,455771,1010355,944213,251655,1521192,1783564,0.6207059989797474,âœ“,0.5664809336811014,âœ“,319121,311530,4776,2815,269053,21105,25737,3226,238761,6254,0.9762127844924026,âœ“,319121,255299,302537,12267,4317,248692,11082,0.948032251089712,âœ“,319121,302513,122386,196735,112303,34803,2119,7798,16750,145348,0.9479570445066292,âœ“,2066574,1099725,966637,212,0,2066574,4824,807956,418893,1868,38140
Sindh,Karachi,Korangi,493504,3128971,6.34,2577556,3.29,KORANGI,35220,70150,356014,78283,51993,3127976,66543,40601,106248,22574,6924,1422,82491,59,6056,800,8247,96917,298075,134924,85428,6752,172684,3127976,2204623,2053470,1846470,291201,2312200,2694494,0.7985771127065133,âœ“,0.7620985609914144,âœ“,493050,487964,2948,2138,476582,9788,4605,2075,384988,5133,0.9896846161646892,âœ“,493050,400983,480174,9846,3030,395063,8109,0.973885001521144,âœ“,493050,482881,272562,220488,187119,131790,2032,49786,63672,58651,0.9793753169049793,âœ“,3127976,1649694,1477616,666,0,3127976,10284,1179974,669130,3729,69644
Sindh,Karachi,Malir,416512,2403959,5.77,1924346,3.79,MALIR,21620,46420,167807,38204,28613,2419736,34495,18300,54792,190579,1710,22841,137791,58,7067,1358,1842,76717,240591,428486,77895,4218,846492,2419736,382091,1233311,1133717,291573,1795564,2109814,0.6313988251045354,âœ“,0.5845591127938292,âœ“,421426,383812,20393,17221,319232,25368,73097,3729,309142,14519,0.910745896076654,âœ“,421426,322335,378196,27550,15680,316890,25041,0.8974197130694357,âœ“,421426,408301,291337,130089,236429,106146,5171,18435,21722,33523,0.9688557421706302,âœ“,2419736,1282604,1136907,225,1264678,1155058,4731,993610,467874,1959,44978
Sindh,Larkana,Jacobabad,195161,1174097,6.02,1007009,2.6,JACOBABAD,8824,25460,82546,17384,12728,1174097,16357,9012,27889,76552,5,25113,553,0,55,0,10,529,2543,3510,8444,3,1052864,1174097,3916,336513,307946,257173,727254,931318,0.4234366534938275,âœ“,0.3613298572560608,âœ“,195056,100774,57463,36819,34608,1153,110774,48521,78825,63645,0.5166413747846772,âœ“,195056,82087,106249,31874,56933,79456,62024,0.5447102370601263,âœ“,195056,184019,86255,108801,84056,72359,3128,1621,4715,29177,0.943416249692396,âœ“,1174097,595787,578201,109,812180,361917,418,401724,147969,447,19778
Sindh,Larkana,Kambar Shahdad Kot,267684,1514869,5.66,1338035,2.1,KAMBAR SHAHDAD KOT,11571,20214,109899,24579,16386,1514869,21686,11517,34425,11317,0,39034,385,2,10,0,380,160,967,1364,1955,3,1457464,1514869,1828,470868,395091,280556,987214,1238666,0.4002080602584647,âœ“,0.3801412164376838,âœ“,267553,115361,111531,40661,50604,656,109415,106878,132144,59601,0.43117064656348464,âœ“,267553,129246,155664,62585,49304,126890,55036,0.5818062215710532,âœ“,267553,246983,121078,146475,144333,85371,2234,347,2366,32902,0.9231180364264276,âœ“,1514869,791116,723710,43,1093004,421865,590,554098,219631,1034,24604
Sindh,Larkana,Kashmore,208980,1233957,5.9,1090336,2.09,KASHMORE,7921,25679,72199,14397,10805,1233957,13431,8163,24425,64208,0,395,275,1,36,2,0,309,852,3653,2684,1,1160762,1233957,779,266203,266194,304236,748032,974744,0.35585910763175904,âœ“,0.27310042431653847,âœ“,208894,91811,57124,59959,27048,526,140187,41133,69072,77713,0.4395099907129932,âœ“,208894,77737,103009,40414,65471,70321,72426,0.4931161258820263,âœ“,208894,201325,177935,30959,103953,94556,804,529,656,8396,0.9637663121008742,âœ“,1233957,628265,605646,46,962174,271783,313,450362,124647,310,13544
Sindh,Larkana,Larkana,321837,1784453,5.54,1521786,2.7,LARKANA,15998,22423,176698,40652,25885,1784453,34031,19396,51582,3201,1,10199,258,0,55,1,2198,144,274,1376,375,3,1765521,1784453,847,777765,675353,252953,1215006,1485492,0.5558433456295689,âœ“,0.5235740078034752,âœ“,321528,221259,76424,23845,148652,1992,106568,64316,169532,37196,0.6881484660744943,âœ“,321528,176723,264082,35939,21507,176174,22855,0.8213343783434102,âœ“,321528,318020,305197,16331,128335,187412,465,277,681,4358,0.9890895971734964,âœ“,1784453,932604,851732,117,986302,798151,1097,653778,310433,1021,34231
Sindh,Larkana,Shikarpur,214901,1386330,6.45,1233760,1.97,SHIKARPUR,10745,29295,107321,22664,15889,1386330,19770,12083,33795,10856,0,17934,322,0,9,0,459,230,270,1193,2672,1,1346635,1386330,5749,421777,381153,307001,872141,1112119,0.4370313974460552,âœ“,0.3792552775377455,âœ“,214824,153167,37782,23875,53307,750,122212,38555,96185,47408,0.7129883067068856,âœ“,214824,98312,146199,30743,37882,96554,40991,0.6805524522399732,âœ“,214824,212909,197465,17359,109351,102277,699,219,642,1636,0.9910857259896474,âœ“,1386330,700698,685587,45,1067592,318738,638,460857,202222,483,23190
Sindh,Mirpur Khas,Mirpur Khas,313141,1681386,5.37,1504440,1.88,MIRPUR KHAS,15394,31219,162121,36163,24335,1680980,32287,17457,49929,27659,2,5009,27319,1,49,133,9322,43519,105442,11620,11437,5,1238963,1680980,200500,596976,518786,267147,1143427,1395168,0.4537115180942902,âœ“,0.4278882543177595,âœ“,312986,179617,24689,108680,51671,5132,247014,9169,141205,130995,0.573881898870876,âœ“,312986,146958,143778,43445,125763,124618,147875,0.4593751797204987,âœ“,312986,250859,131409,181577,116593,127241,10121,1899,2008,55124,0.8015023036174141,âœ“,1680980,881863,799038,79,1189032,491948,2271,658872,241528,948,37009
Sindh,Mirpur Khas,Tharparkar,327677,1778407,5.43,1647036,1.29,THARPARKAR,13225,43189,116587,24070,17999,1778123,23748,12684,41339,342,0,7,2736,0,11,1,0,4641,854,1410,346,0,1766714,1778123,1061,464904,396323,372976,1088975,1396273,0.3639413209669643,âœ“,0.3329606745958706,âœ“,327584,63581,42528,221475,1246,3495,310010,12833,168335,85850,0.1940906759792908,âœ“,327584,91988,95952,39075,192557,134214,134834,0.2929080785386344,âœ“,327584,180494,48865,278719,32872,61847,207688,1721,351,23105,0.5509853961121423,âœ“,1778123,928196,849894,33,1633954,144169,359,639930,186233,538,28652
Sindh,Mirpur Khas,Umer Kot,222649,1159831,5.21,1073469,1.3,UMER KOT,11166,37285,101909,20285,15509,1158284,19294,11586,34495,3328,0,216,3005,6,25,1,453,5733,20815,3730,2959,0,1101845,1158284,16168,349773,290808,212728,751699,945947,0.3868676158941278,âœ“,0.36975961655357015,âœ“,222562,95716,18867,107979,893,3138,211110,7421,91883,101049,0.43006443148426055,âœ“,222562,66358,72593,20979,128990,80302,111828,0.3261697863965996,âœ“,222562,150862,68842,153720,77975,54572,30972,655,429,57959,0.677842578697172,âœ“,1158284,606071,552188,25,900329,257955,726,446485,133893,504,22932
Sindh,Shaheed Benazirabad,Naushahro Feroze,319938,1777082,5.55,1612047,1.64,NAUSHAHRO FEROZE,16302,32652,160573,35403,23986,1776459,30753,17331,49769,4815,0,8186,4216,0,17,8,80,1828,37916,2463,9501,4,1636737,1776459,70688,784187,683795,214663,1196467,1465397,0.5715117926361529,âœ“,0.5351362122346368,âœ“,319768,220706,60051,39011,89209,1180,215570,13809,154016,79536,0.6902066498211203,âœ“,319768,167884,232568,38644,48556,155821,66033,0.7273022941632684,âœ“,319768,311355,297410,22358,128382,178489,970,2950,318,8659,0.9736903004678392,âœ“,1776459,901323,875061,75,1269838,506621,1681,665636,289178,1217,37081
Sindh,Shaheed Benazirabad,Sanghar,407265,2308465,5.67,2049873,2.01,SANGHAR,17405,49430,139389,29409,22342,2307831,26165,15578,46056,47418,2,32524,36173,30,138,130,3416,51568,124273,21789,32944,39,1756949,2307831,200438,760389,687063,418695,1573709,1929542,0.4365883400298276,âœ“,0.39407745464985994,âœ“,406937,208544,82867,115526,94868,2102,296430,13537,189813,146393,0.5124724465949275,âœ“,406937,172192,206088,44610,156239,170113,163975,0.5064371143444808,âœ“,406937,373178,244851,162086,173414,184079,8115,10391,685,30253,0.9170412127675784,âœ“,2307831,1172303,1135418,110,1677551,630280,2217,881055,353494,1332,50850
Sindh,Shaheed Benazirabad,Shaheed Benazirabad,334596,1845102,5.51,1613506,2.27,SHAHEED BENAZIRABAD,15092,49557,111187,21901,17858,1844627,20819,12473,38597,29025,14,30303,7915,0,41,0,610,4639,66878,6073,13665,10,1571669,1844627,113785,712982,629794,259216,1238322,1519647,0.5085866196352806,âœ“,0.4691760652309385,âœ“,334356,226009,65248,43099,86448,1718,234642,11548,149057,115810,0.675953175657084,âœ“,334356,159487,208519,37027,88810,147996,107457,0.6236436612472933,âœ“,334356,326687,268523,65833,124498,195346,1419,4252,1197,7644,0.977063369582122,âœ“,1844627,936724,907836,67,1246750,597877,1608,699067,282444,1086,39725
Sindh,Sukkur,Ghotki,331132,1772609,5.35,1648708,1.22,GHOTKI,16058,33663,140010,30466,20984,1760761,26665,14398,45879,13576,1,304,3799,0,34,0,283,1122,13605,4141,5812,5,1686586,1760761,31493,572209,495061,320479,1196515,1481137,0.4137524393760212,âœ“,0.3863309065940558,âœ“,331046,151117,100951,78978,64368,856,246119,19703,99654,158377,0.45648338901542385,âœ“,331046,110211,186370,33430,111246,103507,127549,0.5629731215601457,âœ“,331046,323310,286721,44325,148959,171541,635,2124,208,7579,0.9766316463573038,âœ“,1760761,914642,846072,47,1381388,379373,1185,694390,251138,669,34669
Sindh,Sukkur,Khairpur,452588,2597535,5.74,2405190,1.29,KHAIRPUR,21925,64938,202347,41209,30763,2597448,39006,20961,69727,13248,87,1722,4442,0,15,32,15,2110,17339,3864,5454,9,2538366,2597448,10745,1029338,855550,367366,1706188,2124259,0.5014394662252929,âœ“,0.4845633230222868,âœ“,452250,237916,124244,90090,101564,1540,337657,11489,185583,172270,0.5260718629076838,âœ“,452250,207912,264928,59029,128293,195267,151278,0.5857998894416805,âœ“,452250,439790,376873,75377,188536,244805,5512,299,2149,10949,0.972448866777225,âœ“,2597448,1315884,1281426,138,1753186,844262,2669,952574,392173,2096,56168
Sindh,Sukkur,Sukkur,268755,1639897,6.1,1488372,1.63,SUKKUR,14531,34046,144097,30985,21521,1625467,27939,15754,45469,15162,67,2007,3002,0,193,16,111,6372,28352,12168,12936,79,1399164,1625467,145838,715020,632719,237270,1086116,1337429,0.5825519557763628,âœ“,0.5346227724985775,âœ“,268588,184390,56354,27844,110859,2431,150457,4841,129617,59884,0.6865161511311004,âœ“,268588,140624,199703,29265,39620,136994,46480,0.7435291226711543,âœ“,268588,258926,209064,59524,133539,116154,3466,5378,1521,8530,0.9640266877150132,âœ“,1625467,863169,762224,74,824570,800897,1547,594534,262882,785,29181
KP,Bannu,Bannu,183246,1357890,7.41,1210183,1.94,BANNU,16914,50511,163357,33088,24661,1354674,30366,18075,53244,1309,0,1,165,1,138,1,0,241,4395,1342395,1131,7,379,1354674,4511,478586,379617,214143,909367,1127214,0.41745191985194097,âœ“,0.4245742157212384,âœ“,183130,154976,20260,7894,19078,2460,153869,7723,98833,32333,0.8462622180964342,âœ“,183130,101134,125069,19475,38586,114872,22216,0.6829520013105445,âœ“,183130,169422,152764,30366,68645,95039,3306,542,87,15511,0.9251460710970348,âœ“,1354674,704556,650099,19,1306578,48096,416,516993,201295,544,18908
KP,Bannu,Lakki Marwat,131894,1040856,7.89,902138,2.42,LAKKI MARWAT,9994,28621,100517,20474,14872,1036300,18003,11387,31470,893,0,1,488,6,9,0,0,35,855,1032760,705,0,95,1036300,453,413697,335435,142101,692004,852073,0.4847298570528494,âœ“,0.48551825958573974,âœ“,131800,101506,21456,8838,11677,625,112470,7028,77019,18302,0.7701517450682853,âœ“,131800,78627,106651,9145,16004,83508,11284,0.8091881638846737,âœ“,131800,118298,86372,45428,50018,49970,8148,29,178,23457,0.897556904400607,âœ“,1036300,524933,511354,13,934362,101938,509,379775,169918,386,14523
KP,Bannu,North Waziristan,99625,693332,6.96,540546,4.25,NORTH WAZIRISTAN,5476,15210,48364,10557,7919,693137,10269,4929,16572,694,0,0,87,0,14,0,0,24,520,690778,121,0,174,693137,725,155409,144051,160200,438878,557677,0.32822561167340353,âœ“,0.2786720628607599,âœ“,99595,52423,38942,8230,900,679,91168,6848,59598,9005,0.5263617651488528,âœ“,99595,47275,53523,20218,25854,67758,9904,0.5374064963100558,âœ“,99595,68449,50026,49569,26674,17045,30353,13,220,25290,0.6872734575028867,âœ“,693137,354542,338580,15,689201,3936,167,265039,76679,208,5118
KP,Dera Ismail Khan,Dera Ismail Khan,270189,1829811,6.77,1693594,1.3,DERA ISMAIL KHAN,16399,47328,134380,27130,21485,1822916,25955,13756,46384,791,2,5,2738,3,490,0,0,524,4765,582703,1198862,18,863,1822916,31152,720321,588508,264567,1263515,1545582,0.46577048946787336,âœ“,0.46605162327201016,âœ“,270021,218368,19326,32327,32224,4279,205792,27726,122273,96055,0.8087074709004114,âœ“,270021,189529,223956,44689,1376,142563,57742,0.8294021576099637,âœ“,270021,226383,165360,104661,82232,115865,14465,13235,132,44092,0.8383903474174231,âœ“,1822916,956098,866667,151,1451454,371462,1834,689698,303469,1056,37300
KP,Dera Ismail Khan,South Waziristan,178665,888675,4.97,675215,4.7,SOUTH WAZIRISTAN,5702,20258,54136,10613,7983,888675,10006,6303,18070,696,0,0,6,0,35,1,0,16406,49,870805,169,0,110,888675,398,213144,189570,199491,593064,736393,0.3196450973250779,âœ“,0.2894432728176395,âœ“,178636,55178,89809,33649,1613,1293,161464,14266,79102,16486,0.3088851071452563,âœ“,178636,64514,104752,40299,33585,84095,15686,0.5863991580644439,âœ“,178636,83065,57909,120727,36926,25023,26027,2,359,90299,0.4649958574979288,âœ“,888675,459531,429130,14,888675,0,234,356286,109833,332,5705
KP,Dera Ismail Khan,Tank,70694,470293,6.65,427044,1.63,TANK,3639,11622,30429,6073,4629,470293,5539,3412,10093,311,3,1,187,38,27,2,0,228,373,391871,76666,3,118,470293,465,163627,125071,81350,307532,388635,0.406692636863806,âœ“,0.4210300153099952,âœ“,70563,48472,16126,5965,4187,122,63954,2300,32730,11807,0.6869322449442342,âœ“,70563,34032,49791,12708,8064,37705,4882,0.7056247608520045,âœ“,70563,54317,34616,35947,23543,23721,4031,44,21,19203,0.769766024687159,âœ“,470293,241589,228703,1,421121,49172,253,171358,64799,138,7033
KP,Hazara,Abbottabad,237020,1419072,5.99,1333089,1.05,ABBOTTABAD,19762,58860,153573,32168,25739,1397587,30200,16448,52258,269,160,521,1221957,8,1080,11744,14,22545,10401,81731,1722,1971,730,1397587,42734,973225,822410,45412,1063313,1230982,0.773441122228356,âœ“,0.790608636032046,âœ“,236789,234356,1165,1268,104135,3612,128055,987,187932,26561,0.9897250294566048,âœ“,236789,199499,220283,4570,11936,172033,41881,0.9302923700002956,âœ“,236789,195201,141468,95321,138036,52013,5923,768,144,39905,0.8243668413650972,âœ“,1397587,701906,695577,104,1086688,310899,3504,587083,267311,927,44856
KP,Hazara,Batagram,86224,554133,6.43,476749,2.55,BATAGRAM,6734,15904,47923,10704,8405,553285,10034,4558,16982,300,0,1,21319,3,321,11654,0,65712,42,453373,3,181,36,553285,340,193723,147203,86264,376570,467209,0.39090474546565046,âœ“,0.4146388447140359,âœ“,86196,57917,9518,18761,398,928,84094,776,55963,12046,0.671922130957353,âœ“,86196,48579,63062,4652,18482,52719,16193,0.7316116757158104,âœ“,86196,62453,36428,49768,53792,4796,7218,1,31,20358,0.7245463826627686,âœ“,553285,280893,272382,10,553285,0,185,212082,78955,141,10284
KP,Hazara,Haripur,192658,1174783,6.1,1001515,2.7,HARIPUR,17496,55536,150394,29635,23769,1173056,26941,16891,49859,271,79,334,942172,12,985,3070,7,15598,11854,172471,1390,563,827,1173056,23423,785123,667053,43838,890826,1030777,0.7488027965057149,âœ“,0.7616807515107535,âœ“,192451,188352,2495,1604,76456,8750,106363,882,152221,18131,0.9787010719611744,âœ“,192451,159505,177481,7555,7415,150595,18055,0.9222139661524232,âœ“,192451,175157,133256,59195,123566,41365,12978,40,111,14391,0.9101381650394126,âœ“,1173056,590712,582299,45,1025696,147360,3295,494152,223904,940,36232
KP,Hazara,Kolai Palas Kohistan,40393,280162,6.94,276325,0.23,KOLAI PALAS KOHISTAN,833,4148,7114,1174,1062,236726,1404,809,2809,16,13,2,19,14,25,201656,8,9531,7,6647,10,18337,12,236726,429,27374,25209,80333,134084,180533,0.18800900927776615,âœ“,0.1516287880886043,âœ“,33983,5372,10436,18175,174,7,31621,2181,12803,7547,0.15807903951975988,âœ“,33983,9816,13481,8761,11741,11776,7728,0.3966983491745873,âœ“,33983,9014,5996,27987,8494,241,394,5,47,24802,0.265250272194921,âœ“,236726,121742,114982,2,236726,0,122,68397,25754,433,1453
KP,Hazara,Lower Kohistan,52318,340017,6.5,202935,9.01,LOWER KOHISTAN,1797,8150,15641,2728,2313,303305,3120,1817,5754,18,22,0,8,31,7,279839,0,1650,69,17187,6,82,13,303305,4373,43888,36945,90557,167582,224509,0.2204592378656419,âœ“,0.1954843681099644,âœ“,47347,17339,15741,14267,354,56,44780,2157,19330,9773,0.36621116438211504,âœ“,47347,16823,25605,7119,14623,18101,11740,0.5407945593173802,âœ“,47347,21612,17371,29976,20718,216,1101,3,50,25259,0.4564597545779035,âœ“,303305,156032,147262,11,303305,0,261,95161,26723,234,2158
KP,Hazara,Mansehra,294113,1797177,6.11,1555742,2.44,MANSEHRA,22117,58401,156135,33961,28216,1789624,32199,15271,55755,232,101,368,1185065,14,675,44883,8,206893,1800,321518,388,6775,115,1789624,20789,1023301,836108,111292,1310639,1551021,0.6379392037014007,âœ“,0.6597596035127828,âœ“,294052,280033,6421,7598,45901,10928,235114,2109,221456,28172,0.9523247588861834,âœ“,294052,216066,260243,8654,25155,193141,56073,0.885023737298165,âœ“,294052,232361,145344,148708,114024,76631,48966,170,207,54054,0.7902037734822412,âœ“,1789624,908540,880977,107,1635291,154333,2868,714508,320754,867,48401
KP,Hazara,Torghar,29417,200445,6.81,171349,2.66,TORGHAR,1933,6953,14350,2950,2508,200445,3215,1316,5555,111,1,1,4583,0,0,53,0,1453,6,194124,1,3,16,200445,93,55549,39552,38078,132971,167051,0.29744831579818154,âœ“,0.33252719229456873,âœ“,29410,9300,12541,7569,161,21,28893,335,13589,11197,0.3162189731383883,âœ“,29410,9848,13232,732,15446,15486,8628,0.449914994899694,âœ“,29410,20065,7759,21651,19527,274,428,0,131,9050,0.6822509350561033,âœ“,200445,102160,98281,4,200445,0,54,79283,23409,97,3601
KP,Hazara,Upper Kohistan,71543,422947,5.91,305451,5.59,UPPER KOHISTAN,1996,10169,17119,2756,2495,374183,3076,2081,6493,5,22,8,48,28,15,327804,2,4184,9,49,9,41331,5,374183,664,49981,40933,110054,214826,285463,0.19054025118002477,âœ“,0.17508748944696861,âœ“,63712,13322,7904,42486,211,54,60629,2818,24549,16835,0.2090971873430437,âœ“,63712,17868,27956,8442,27314,20739,23049,0.4387870416875942,âœ“,63712,16621,14647,49065,16098,329,363,19,44,46859,0.2608770718232044,âœ“,374183,192776,181403,4,374183,0,442,128085,31026,473,2968
KP,Kohat,Hangu,61163,528902,8.65,518811,0.32,HANGU,6454,20590,52444,10714,8626,525623,10448,5712,18294,436,2,0,24,1,61,107,0,49,1001,523446,33,0,70,525623,393,199536,161002,74841,373119,451025,0.4315030861467789,âœ“,0.4424056316168727,âœ“,61148,42053,16729,2366,8970,2955,48738,485,40016,7582,0.6877248642637536,âœ“,61148,41758,51700,5426,4022,44707,5458,0.8454896317132203,âœ“,61148,54870,40273,20875,13419,20497,16239,5,64,10924,0.8973310656113037,âœ“,525623,258721,266894,8,442054,83569,528,195411,95518,355,10078
KP,Kohat,Karak,96026,815878,8.5,705362,2.46,KARAK,11667,29971,99934,21611,16641,815150,19974,10600,32414,882,0,0,3,0,15,1,0,52,243,813352,150,0,103,815150,349,451816,374674,68993,573227,688551,0.6536223869426946,âœ“,0.6561837830458456,âœ“,95997,72244,13484,10269,27554,673,62544,5226,66405,12521,0.7525651843286769,âœ“,95997,80689,84662,11089,246,67712,13119,0.8819233934393783,âœ“,95997,78128,27233,68764,18140,33054,10201,20,308,34274,0.8138587664197839,âœ“,815150,420949,394190,11,757113,58037,820,309291,149097,421,15095
KP,Kohat,Kohat,169734,1234661,7.27,1111266,1.78,KOHAT,17215,55074,147238,29363,23445,1234579,28031,16246,49130,1086,26,60,153441,1,181,33,0,306,6601,1060557,1400,76,548,1234579,10263,620072,527155,115836,900401,1067084,0.585466919739094,âœ“,0.5810901484794074,âœ“,169679,148926,14440,6313,61085,8177,98381,2036,118517,20034,0.8776925842325803,âœ“,169679,125059,151992,7952,9735,120570,21201,0.8957619976543945,âœ“,169679,151724,118863,50816,59029,73968,14043,61,307,22271,0.8941825446873214,âœ“,1234579,629529,605021,29,955880,278699,1438,493026,223003,762,27266
KP,Kohat,Kurram,94575,785434,8.3,615372,4.16,KURRAM,7301,24448,59628,11979,9634,785434,11896,6282,20993,940,13,4,62,0,159,1,5,3573,569,779102,101,40,238,785434,627,235135,179598,145470,509976,640304,0.35216951385947576,âœ“,0.3672240060971038,âœ“,94548,48577,39828,6143,1465,3547,87719,1817,45096,30846,0.5137813597326226,âœ“,94548,50696,61816,19355,13377,57105,16550,0.6538054744679951,âœ“,94548,60938,49726,44822,38957,6767,14040,186,131,34467,0.6445191860219148,âœ“,785434,406914,378505,15,739963,45471,290,275133,119822,350,11278
KP,Kohat,Orakzai,52108,387561,7.44,254303,7.3,ORAKZAI,2965,6228,30223,6636,4557,387561,6113,3121,9588,240,2,0,0,0,5,1,0,18,9,387040,3,0,34,387561,209,110194,83690,73007,249296,313045,0.3357053462550542,âœ“,0.3520068999664585,âœ“,52104,14966,27628,9510,369,5,50483,1247,22377,13734,0.2872332258559803,âœ“,52104,29042,32736,19368,0,29157,6407,0.6282818977429756,âœ“,52104,30977,17122,34982,16335,7061,9538,0,9,19161,0.5945224934745893,âœ“,387561,204870,182684,7,387561,0,154,138841,52114,70,4108
KP,Malakand,Bajaur,181721,1287960,7.09,1090987,2.81,BAJAUR,10962,41372,81055,15314,13634,1283113,15032,9322,28682,1059,0,1,21,0,15,17,0,160,145,1281221,12,4,86,1283113,372,283927,214570,292894,817059,1045311,0.262612614266534,âœ“,0.27161964238394126,âœ“,181699,47197,97164,37338,1348,786,154436,25129,86674,25235,0.25975376859531424,âœ“,181699,71630,105826,38770,37103,106132,20391,0.5824247794429248,âœ“,181699,124871,102263,79436,53509,43122,37199,5,328,47536,0.6872409864666289,âœ“,1283113,648473,634625,15,1283113,0,137,477708,150517,360,10850
KP,Malakand,Buner,118692,1016869,8.57,895460,2.15,BUNER,12280,38872,96662,19076,16071,1016674,17888,10584,33079,662,0,11,21023,0,9,969,0,18239,162,975062,51,0,90,1016674,396,410831,308960,123628,706190,860580,0.4375026550928221,âœ“,0.4773885054265728,âœ“,118665,95360,12918,10387,418,1331,115435,1481,73466,24987,0.8036067922302279,âœ“,118665,70609,87115,4411,27139,81976,15360,0.7341254792904395,âœ“,118665,104746,81289,37376,56027,38901,11290,3,66,12378,0.8827034087557409,âœ“,1016674,508079,508567,28,1016674,0,430,388363,166425,407,16630
KP,Malakand,Lower Chitral,46050,320407,6.96,278328,2.38,LOWER CHITRAL,3259,11064,24316,5266,4154,318234,5562,2136,9362,17,2,0,66,5065,7,1418,1,279298,138,29799,8,52,6,318234,2357,182216,152589,17282,230856,271994,0.6609704751013619,âœ“,0.669926542497261,âœ“,46028,39855,2534,3639,167,523,45067,271,35753,7547,0.865885982445468,âœ“,46028,38861,40443,1694,3891,32723,10674,0.878660815155992,âœ“,46028,38085,29480,16548,36037,772,1317,0,87,7815,0.8274311288780742,âœ“,318234,162541,155693,0,262710,55524,379,126988,61240,127,8341
KP,Malakand,Lower Dir,202899,1650183,8.13,1436082,2.35,LOWER DIR,13463,40113,80442,16389,17128,1648620,18899,6349,32977,1313,0,0,281,18,109,557,0,3860,331,1641018,96,13,175,1648620,849,803988,634720,149533,1106546,1364058,0.5736047123210423,âœ“,0.5894089547511909,âœ“,202836,188640,10296,3900,17423,13467,169114,2832,139539,28093,0.9300124238300892,âœ“,202836,148161,181551,6793,14492,161315,13715,0.8950630065668816,âœ“,202836,147642,100703,102133,56392,44294,51530,34,97,50489,0.72788854049577,âœ“,1648620,812802,835791,27,1600760,47860,498,599468,269662,362,22558
KP,Malakand,Malakand Protected Area,113159,826250,7.3,717806,2.38,MALAKAND,9029,29052,63766,12819,11471,825377,12616,6673,23033,839,0,1,46,1,39,447,0,11466,461,811446,42,12,115,825377,462,434259,358119,54983,580753,697517,0.6166459751391727,âœ“,0.6225783744338848,âœ“,113118,109528,1663,1927,38943,5214,68144,817,77465,18967,0.9682632295479058,âœ“,113118,85839,97817,5464,9837,85765,11693,0.8647341713962411,âœ“,113118,102648,89510,23608,27372,63429,13256,52,40,8969,0.9074417864530844,âœ“,825377,422374,402991,12,751852,73525,380,323629,138779,262,13303
KP,Malakand,Shangla,125551,891252,7.1,759609,2.71,SHANGLA,9365,33857,70039,13191,11342,890846,12705,7900,24972,555,8,0,250,2,13,9175,6,30438,58,849833,4,19,107,890846,378,256458,196832,163716,583402,737720,0.33738657049513027,âœ“,0.34763595944260695,âœ“,125540,93552,13920,18068,670,932,122178,1760,61772,34654,0.745196750039828,âœ“,125540,63094,84932,8813,31795,72205,20853,0.6765333758164729,âœ“,125540,85344,67298,58242,79473,2390,4133,0,171,39373,0.6798151983431575,âœ“,890846,459770,431070,6,890846,0,140,338933,108413,194,15424
KP,Malakand,Swat,381246,2687384,7.05,2308624,2.57,SWAT,24695,62783,164540,34941,30224,2686076,32749,16732,57470,2161,11,1,491,17,173,39565,0,163758,1151,2476066,92,126,244,2686076,2220,1177114,903484,294320,1877188,2285030,0.48129649241312006,âœ“,0.5151415955151574,âœ“,381212,360471,8259,12482,69106,13387,295708,3011,250361,48375,0.9455919540832922,âœ“,381212,276863,335531,10767,34914,301711,24444,0.8801690397993768,âœ“,381212,304345,225946,155266,198611,51921,55356,101,217,75006,0.7983615416093932,âœ“,2686076,1374732,1311257,87,1892670,793406,882,1026922,440150,759,42809
KP,Malakand,Upper Chitral,26368,195528,7.42,169297,2.44,UPPER CHITRAL,2125,5247,12480,3290,2339,195161,3019,908,4892,3,0,0,2,0,0,16,0,194851,17,107,2,12,1,195161,150,126006,111343,4613,150810,169934,0.7382998474902195,âœ“,0.7414996410371085,âœ“,26365,22857,2510,998,117,56,25288,904,23915,1985,0.8669448131993173,âœ“,26365,25432,24953,1017,395,18589,7418,0.9464441494405462,âœ“,26365,19090,7524,18841,18520,221,371,0,3,7250,0.7240659965863835,âœ“,195161,100319,94842,0,195161,0,239,82325,44832,55,5410
KP,Malakand,Upper Dir,149557,1083566,7.25,947401,2.27,UPPER DIR,12262,48122,82973,15241,14819,1082416,17315,8287,32869,1098,1,0,12,16,232,55327,0,39968,48,985233,6,6,111,1082416,358,435501,322810,137403,690202,877423,0.4677036577697544,âœ“,0.4963409894657423,âœ“,149536,120847,15099,13590,785,5959,140956,1836,66280,50558,0.808146533276268,âœ“,149536,82837,120845,5803,22888,94621,25137,0.8081331585705115,âœ“,149536,71885,42534,107002,62020,5899,4134,4,139,77340,0.4807203616520437,âœ“,1082416,536739,545665,12,1035578,46838,191,375600,152248,220,14098
KP,Mardan,Mardan,400904,2744898,6.85,2373399,2.46,MARDAN,32023,98824,266027,52124,43403,2740692,49629,28853,89717,2315,2,13,2531,4,90,2677,0,10185,3323,2715074,236,28,353,2740692,3861,1327612,1090251,230969,1954332,2333697,0.5578637611214471,âœ“,0.5688879061849075,âœ“,400859,383734,7336,9789,127914,10195,256599,6151,276829,27981,0.957279242826031,âœ“,400859,283010,370827,11344,18688,278455,28392,0.9250808887913208,âœ“,400859,390381,376225,24634,39456,342013,9929,142,102,9217,0.9738611332164178,âœ“,2740692,1406763,1333876,53,2287577,453115,1135,1071887,486340,1025,48645
KP,Mardan,Swabi,279035,1894600,6.79,1625477,2.59,SWABI,18086,49199,136200,28557,24637,1890230,27935,12810,48685,1321,11,11,38842,2,223,1563,0,4002,3843,1837778,462,27,334,1890230,1811,972429,801359,145589,1370367,1626200,0.5847769247216257,âœ“,0.5979762636822039,âœ“,278976,264225,8973,5778,42227,9528,224625,2596,194854,26842,0.9471244838265658,âœ“,278976,193274,245358,8719,24899,187965,31551,0.8794950103234687,âœ“,278976,262696,234194,44782,35486,195571,36050,172,63,11634,0.9416437256251434,âœ“,1890230,956952,933243,35,1550890,339340,1608,741979,349956,810,40523
KP,Peshawar,Charsadda,263993,1835504,6.95,1610960,2.2,CHARSADDA,19942,61736,172675,33628,27266,1835136,31773,18872,57739,1313,1,0,396,13,38,984,0,2042,338,1828826,32,7,155,1835136,991,850304,697011,166630,1292257,1553804,0.5393749076228644,âœ“,0.5472401924567063,âœ“,263934,236418,20094,7422,86717,7242,165177,4798,172749,26136,0.8957466639387119,âœ“,263934,185710,246101,8119,9714,186149,15701,0.9324338660422682,âœ“,263934,257830,250716,13218,13328,217972,28711,306,53,3564,0.9768730061303204,âœ“,1835136,950698,884419,19,1542721,292415,455,714415,317226,470,27023
KP,Peshawar,Khyber,166829,1146267,6.87,984246,2.58,KHYBER,7265,18944,53051,11295,9339,1145982,11142,4807,19350,1043,0,4,48,0,20,11,0,786,765,1142581,6,2,96,1145982,620,377913,288669,213510,750674,949708,0.38454642094970654,âœ“,0.39792546761741504,âœ“,166805,54335,97549,14921,3507,10716,140041,12541,79684,22087,0.3257396361020353,âœ“,166805,72253,78819,71196,16790,119268,12626,0.4725218069002728,âœ“,166805,117755,63525,103280,71069,18310,37504,27,313,39582,0.7059440664248674,âœ“,1145982,598131,547841,10,1051404,94578,230,420704,150665,239,13599
KP,Peshawar,Mohmand,63982,553933,8.66,474345,2.63,MOHMAND,5683,24290,46124,8068,7137,553933,7765,5569,15708,405,0,0,9,0,10,103,0,120,255,552830,13,0,36,553933,152,139733,113307,123082,362180,457993,0.31284720304820807,âœ“,0.3050985495411502,âœ“,63973,24601,33359,6013,549,694,56785,5945,40396,3909,0.3845528582370687,âœ“,63973,31366,28806,21107,14060,42611,5624,0.45028371344160817,âœ“,63973,47984,26855,37118,12041,18478,20217,14,48,13175,0.7500664342769606,âœ“,553933,281384,272543,6,553933,0,39,204957,74566,104,4503
KP,Peshawar,Nowshera,259911,1740705,6.7,1520995,2.28,NOWSHERA,18776,55945,161723,32562,26497,1735689,31303,16986,54935,1962,58,60,39058,56,617,1250,18,3956,18749,1649524,1039,113,2003,1735689,17226,871117,713608,140214,1256704,1493498,0.5678409553880628,âœ“,0.5832729605262277,âœ“,259774,243988,7955,7831,140024,6739,105304,7707,181665,23791,0.9392317937899868,âœ“,259774,186895,236082,9770,13922,181061,22688,0.9087976471856306,âœ“,259774,245363,207032,52742,61299,169140,15407,1614,131,12183,0.9445248562211768,âœ“,1735689,884066,851573,50,1398117,337572,1233,692389,309178,785,33269
KP,Peshawar,Peshawar,691505,4758762,6.88,4331959,1.58,PESHAWAR,45616,137871,411088,81715,64292,4750388,75575,45751,135098,5070,318,161,179879,278,634,1253,24,24839,26133,4421285,3229,332,1621,4750388,85332,2131050,1808869,519928,3394763,4063745,0.53284102601566,âœ“,0.5244054437470855,âœ“,690976,634049,41899,15028,395549,33963,243094,18370,430070,55573,0.9176136363636364,âœ“,690976,463334,625150,38445,27381,464189,51050,0.904734752002964,âœ“,690976,670248,599302,91674,294991,333339,45682,683,361,15920,0.9700018524521836,âœ“,4750388,2421803,2328398,187,2850828,1899560,1493,1814845,888974,1239,71344
Balochistan,Kalat,Awaran,27808,178958,6.44,121821,6.64,AWARAN,1054,5805,6964,1013,1144,178958,1406,861,2830,176418,0,2095,2,0,82,0,0,90,12,8,2,0,30,178958,219,55636,42298,33451,116409,147477,0.36335678512829767,âœ“,0.3772520460817619,âœ“,27796,3340,17195,7261,312,254,26399,831,24738,1666,0.1201611742696791,âœ“,27796,20910,14432,7553,5811,25205,1472,0.5192113973233559,âœ“,27796,20661,9233,18563,6226,8170,8620,0,27,4753,0.7433083896963592,âœ“,178958,91623,87318,17,132122,46836,131,62026,26602,42,1838
Balochistan,Kalat,Kalat,33415,272506,8.16,211201,4.35,KALAT,1688,5796,17735,3503,2456,271560,3379,1967,5876,69320,0,198844,74,3,25,0,1,168,37,1826,14,71,937,271560,240,90237,67857,52253,170917,219242,0.39701726569036433,âœ“,0.4115862836500306,âœ“,33101,13921,12318,6862,358,623,30168,1952,16650,6564,0.420561312347059,âœ“,33101,16917,13712,10993,8396,20008,5554,0.41424730370683666,âœ“,33101,19408,8260,24841,9401,5166,8103,9,69,10353,0.5863266970786382,âœ“,271560,138611,132942,7,227120,44440,71,83612,43747,58,2635
Balochistan,Kalat,Khuzdar,161594,997214,6.17,798896,3.78,KHUZDAR,5866,32006,50391,8177,7286,997214,8925,6410,18879,186571,1,787122,435,0,200,0,7,404,400,8188,341,288,12161,997214,1096,256170,239864,234905,621603,795229,0.3858797335276696,âœ“,0.32213362440253057,âœ“,161450,58171,69317,33962,1308,4044,139138,16960,107880,17653,0.3603034995354598,âœ“,161450,85673,71788,42743,46919,109162,21464,0.4446454010529576,âœ“,161450,110230,52933,108517,40929,48044,31439,13,1463,39562,0.6827500774233509,âœ“,997214,537313,459867,34,632836,364378,516,343016,128152,474,8557
Balochistan,Kalat,Lasbela,115635,680977,5.89,576271,2.83,LASBELA,5206,8583,53638,12178,7932,680816,10706,5570,16258,512782,8,55063,1425,23,362,24,242,15899,3536,17421,4467,47,67822,680816,1695,209521,172052,127144,471778,575409,0.36468847635964374,âœ“,0.3641253438858273,âœ“,115539,70451,22506,22582,20259,2331,91426,1523,83308,9427,0.6097594751555752,âœ“,115539,71503,80605,10658,24276,81712,13784,0.6976432200382555,âœ“,115539,95457,26224,89315,22648,38130,9781,157,262,44561,0.8261885597071119,âœ“,680816,348763,332028,25,350231,330585,688,247110,119704,348,14553
Balochistan,Kalat,Mastung,43736,313271,7.16,265676,2.79,MASTUNG,1812,4912,19810,4175,2834,312378,3921,2121,6567,22473,0,278178,212,0,19,0,0,1776,210,6631,796,154,1738,312378,191,109103,93253,57702,202839,253990,0.459739004826488,âœ“,0.42955628174337573,âœ“,43695,31422,6369,5904,14741,146,27149,1659,28331,2352,0.7191211809131479,âœ“,43695,27578,29513,10921,3261,31195,1859,0.675431971621467,âœ“,43695,33734,16425,27270,13961,7414,8242,41,288,13749,0.7720334134340313,âœ“,312378,166251,146124,3,272115,40263,78,99079,56847,110,3815
Balochistan,Kalat,Surab,51021,278092,5.45,200857,5.59,SURAB,1320,5073,14705,2815,2032,279038,2812,1719,4955,8102,0,269979,120,1,5,0,0,127,3,321,15,72,153,279038,140,68097,61559,69427,164423,214768,0.3743940932837863,âœ“,0.3170723757729271,âœ“,51227,24162,21861,5204,3238,1128,39129,7732,24987,4431,0.4716653327346907,âœ“,51227,24066,25206,17324,8697,28762,3442,0.4920452105335077,âœ“,51227,37171,15738,35489,10411,11612,18871,4,72,10257,0.7256134460343179,âœ“,279038,141648,137372,18,242570,36468,139,95493,29817,97,2068
Balochistan,Loralai,Barkhan,23069,210249,9.11,171025,3.51,BARKHAN,2508,4442,20723,5570,3479,210249,5586,1852,7197,207354,0,0,0,0,127,0,0,56,173,1138,1274,0,1,210249,126,54468,42185,46164,125459,166523,0.33624530723184465,âœ“,0.32708995153822595,âœ“,23053,10589,9016,3448,97,54,21584,1318,6493,9883,0.4593328417125754,âœ“,23053,5340,6572,3771,12710,8576,7549,0.2850822018826183,âœ“,23053,16148,2524,20529,2117,9014,9342,17,43,2520,0.7004728234936884,âœ“,210249,109624,100617,8,195824,14425,45,66158,26421,49,2673
Balochistan,Loralai,Duki,43069,205044,4.76,152977,5.02,DUKI,887,1284,10095,2332,1396,205044,2312,977,3084,9944,1,1409,6,0,29,1,0,825,175,191249,708,3,470,205044,224,44234,60847,46819,137711,169887,0.4418456042001002,âœ“,0.2603730715122405,âœ“,43059,24570,14037,4452,354,105,40186,2414,18539,5364,0.5706124155228872,âœ“,43059,18881,19306,11742,12011,25958,3803,0.4483615504308042,âœ“,43059,35091,25780,17279,19222,10392,6044,6,142,7253,0.814951578067303,âœ“,205044,107221,97775,48,195261,9783,63,80405,30687,87,1460
Balochistan,Loralai,Loralai,38284,272432,7.12,244446,1.83,LORALAI,1870,5201,19033,3986,2886,269364,3796,2018,6374,3052,0,136,117,0,88,3,3,605,1929,259266,2607,5,118,269364,1435,90049,72498,47338,167957,214769,0.4316461951570938,âœ“,0.4192830436422389,âœ“,38214,20929,13840,3445,417,1556,33541,2700,16784,4758,0.5476788611503638,âœ“,38214,17083,20006,6870,11338,24096,4177,0.5235254095357722,âœ“,38214,27735,13233,24981,8488,9190,8357,15,98,12066,0.7257811273355315,âœ“,269364,141301,128046,17,211978,57386,41,84231,44323,56,2446
Balochistan,Loralai,Musakhel,31257,182275,5.83,167243,1.45,MUSAKHEL,1238,4432,13224,2594,1832,182275,2392,1534,4367,21881,0,1,1,0,18,0,0,2601,16,156450,1228,0,10,182275,69,54494,39383,35220,107604,142098,0.3659994052265715,âœ“,0.3834958971977086,âœ“,31252,7738,14290,9224,154,91,28781,2226,12379,10572,0.24760015359017024,âœ“,31252,8599,8352,6219,16681,13281,10533,0.2672468961986433,âœ“,31252,12809,8028,23224,4714,4838,5639,3,11,16047,0.4098617688467938,âœ“,182275,96706,85566,3,166470,15805,43,60380,18980,237,2109
Balochistan,Mekran,Gwadar,50376,305160,6.06,262253,2.56,GWADAR,2668,9301,27065,5540,3876,302831,5129,3190,8714,295733,7,1064,224,0,224,2,3,620,1282,786,313,2,1362,302831,1209,133755,107650,33621,214036,256693,0.5029527742996506,âœ“,0.5210699162034025,âœ“,50357,40346,5795,4216,2932,5015,41588,822,33476,1282,0.8011994360267689,âœ“,50357,29969,39518,4704,6135,36324,887,0.7847568361896062,âœ“,50357,44228,31572,18785,37011,938,2243,281,104,9780,0.8782890164227416,âœ“,302831,159626,143174,31,146125,156706,495,106205,61084,171,4886
Balochistan,Mekran,Kech,253526,1060931,4.18,907182,2.65,KECH,7079,21401,73350,15561,10281,1060814,14750,8400,22922,1057958,1,269,6,0,955,0,0,217,79,128,21,0,134,1060814,1046,401245,363534,136717,732240,867502,0.49646837102589314,âœ“,0.4625291930162697,âœ“,253475,154549,45925,53001,2057,15876,220025,15517,142312,19945,0.6097208797711806,âœ“,253475,127898,142587,64806,46082,145814,19307,0.5625288489989151,âœ“,253475,180457,143109,110366,74406,50726,80734,94,625,46890,0.7119321432093895,âœ“,1060814,555163,505528,123,674168,386646,2042,454138,142587,1151,11985
Balochistan,Mekran,Panjgur,117157,509781,4.35,315353,8.36,PANJGUR,4101,14849,43850,8680,5952,509781,7665,5494,13393,507884,0,47,29,0,737,4,0,233,61,212,73,1,52,509781,448,138517,149007,90815,354229,414667,0.4206516123750455,âœ“,0.334043943694579,âœ“,117089,53694,26884,36511,2195,6527,96380,11987,53177,8783,0.4585742469403616,âœ“,117089,48341,26316,67419,23354,56592,8018,0.2247521116415718,âœ“,117089,85793,74208,42881,15983,18574,66562,10,494,15466,0.732716139005372,âœ“,509781,269372,240314,95,352088,157693,620,217355,77573,437,3273
Balochistan,Nasirabad,Jaffarabad,81580,594558,7.29,513972,2.46,JAFFARABAD,3009,10884,26715,5024,3902,594558,4967,2856,9542,308633,0,71750,1046,17,192,0,3,2072,752,2207,91835,69,114911,594558,1071,148852,131318,137885,369647,475921,0.3552524435474926,âœ“,0.31276619438940495,âœ“,81562,60832,7773,12957,11216,298,43183,26865,22471,42732,0.7458375223756161,âœ“,81562,31694,38632,15203,27727,26620,35689,0.4736519457590545,âœ“,81562,39465,19819,61743,21839,13193,4774,261,291,41204,0.4838650351879551,âœ“,594558,301370,293177,11,431165,163393,213,196322,81540,267,10276
Balochistan,Nasirabad,Jhal Magsi,30967,203368,6.57,148900,5.35,JHAL MAGSI,1200,4834,10126,1815,1479,203368,1888,1144,3717,153395,0,4243,72,0,99,0,0,92,22,322,11716,0,33218,203368,189,45271,39087,50408,129692,167326,0.301383277303149,âœ“,0.2705556817231034,âœ“,30953,13917,9934,7102,204,44,27397,3308,11869,14394,0.4496171615029238,âœ“,30953,14463,10712,8562,11679,11908,15044,0.3460730785384292,âœ“,30953,12153,5652,25301,5350,4464,2496,45,100,18498,0.3926275320647433,âœ“,203368,103422,99933,13,179238,24130,44,71200,27123,88,2414
Balochistan,Nasirabad,Kachhi,50035,442612,8.85,309932,6.14,KACHHI,2177,9639,21315,3920,3002,442674,3922,2588,7403,260630,0,45355,159,0,362,85,0,824,1631,2492,54408,46,75238,442674,1444,88361,83731,140355,277258,358827,0.30199669621796305,âœ“,0.2462495854548292,âœ“,50032,38750,5593,5689,6909,98,39320,3705,21048,8961,0.7745043172369683,âœ“,50032,23840,24724,18290,7018,24277,6871,0.49416373520946594,âœ“,50032,13678,10930,39102,8383,2647,2813,84,82,36023,0.27338503357850974,âœ“,442674,233584,209056,34,362222,80452,218,121147,76297,180,4766
Balochistan,Nasirabad,Nasirabad,87540,563377,6.44,487847,2.43,NASIRABAD,2227,5420,19131,4124,2931,563315,3634,2063,6117,243392,0,128273,596,0,136,0,2,581,239,1787,68454,25,119187,563315,643,107983,100345,151207,346468,449271,0.2896227068589307,âœ“,0.2403515918009397,âœ“,87516,61579,12392,13545,4086,269,55831,27330,28089,42306,0.7036313359842772,âœ“,87516,32241,26788,25498,35230,31147,36804,0.30609260021024726,âœ“,87516,45550,28536,58980,23106,20306,4578,110,81,39335,0.5204762557703734,âœ“,563315,287902,275395,18,456363,106952,114,194518,66630,194,6657
Balochistan,Nasirabad,Sohbatpur,33738,240106,7.12,200426,3.06,SOHBATPUR,1405,4888,9630,1889,1520,240106,1828,1059,3515,161801,0,19009,209,0,57,0,0,382,70,646,15311,39,42335,240106,247,71158,56153,48360,136881,182374,0.4102322455271367,âœ“,0.390176231261035,âœ“,33734,25983,3203,4548,814,61,22285,10574,8076,21709,0.7702318136005217,âœ“,33734,11284,11301,5522,16911,10181,18883,0.33500326080512244,âœ“,33734,18191,10817,22917,7294,8300,1805,157,865,15313,0.5392482362008656,âœ“,240106,121863,118241,2,225378,14728,89,75761,24845,57,3574
Balochistan,Quetta,Chaman,61942,466218,7.53,434561,1.18,CHAMAN,2198,9223,23879,4389,3277,466218,4015,2995,7671,412,0,15,435,0,22,0,0,198,892,463265,333,1,143,466218,502,115836,113577,117899,284174,370295,0.3996741433065657,âœ“,0.3128208590448156,âœ“,61915,41550,12940,7425,2645,8852,41345,9073,32668,1948,0.6710813211661149,âœ“,61915,38314,39700,19460,2755,44643,1935,0.6412016474198498,âœ“,61915,47049,34045,27870,29634,4164,6955,18,103,21041,0.7598966324800129,âœ“,466218,261194,205011,13,336079,130139,9,137922,74820,41,1511
Balochistan,Quetta,Killa Abdullah,67308,361971,5.38,323793,1.88,KILLA ABDULLAH,1771,5996,17921,3612,2581,361971,3262,2149,5757,1246,0,652,5,0,15,0,0,369,87,359220,60,0,81,361971,236,65667,83117,92276,228328,287509,0.3640245611576329,âœ“,0.22839980661474943,âœ“,67289,17817,40650,8822,1381,1776,56728,7404,34832,3024,0.26478324837640627,âœ“,67289,36169,34141,25666,7482,44452,2869,0.5073786205769145,âœ“,67289,54971,36043,31246,37882,6026,6460,46,208,16667,0.8169388755963085,âœ“,361971,189172,172783,16,326587,35384,37,133527,47866,69,1681
Balochistan,Quetta,Pishin,147241,835482,5.67,736903,2.12,PISHIN,4738,15492,51413,10301,7231,835482,10178,5658,16750,967,0,4540,32,0,58,0,0,231,1070,827702,319,1,159,835482,403,286933,264249,170453,517451,657097,0.5106744406716771,âœ“,0.4366676457204948,âœ“,147185,78700,59232,9253,57249,3465,76593,9878,66335,4287,0.5347012263477936,âœ“,147185,87300,96120,38384,12681,107483,2956,0.6530556782280803,âœ“,147185,124316,83660,63525,87375,15708,12139,17,209,31737,0.8446241125114652,âœ“,835482,426597,408862,23,591697,243785,81,286992,115617,211,4544
Balochistan,Quetta,Quetta,288690,2595492,8.99,2269473,2.27,QUETTA,19338,56744,195130,40205,28455,2271290,34862,23171,60210,167621,827,352241,18609,37,2567,892,24,186007,67098,1361688,24870,398,30361,2271290,58050,1048212,872669,276511,1550356,1886808,0.5628829765550621,âœ“,0.555547782286274,âœ“,288459,268100,12863,7496,245436,4991,31242,6790,204246,5917,0.929421512242641,âœ“,288459,231816,248887,35752,3820,238560,3811,0.8628158594462297,âœ“,288459,272201,103102,185357,114526,21841,7059,1826,766,142441,0.943638437351582,âœ“,2271290,1164248,1106931,111,979434,1291856,835,765378,461040,427,24395
Balochistan,Rakhshan,Chagai,38234,269192,7.04,226517,2.93,CHAGAI,2029,4460,18272,4197,2820,268611,3929,1976,5861,198155,0,45099,30,0,76,1,0,22,181,23984,679,6,153,268611,225,67648,55416,68191,167188,216456,0.3314591956360504,âœ“,0.31252540932106293,âœ“,38213,13467,20342,4404,502,7906,27960,1845,26456,4944,0.35241933373459294,âœ“,38213,23093,25211,3549,9453,29000,3374,0.6597492999764478,âœ“,38213,33845,17073,21140,10697,6261,14373,92,286,6504,0.8856933504304818,âœ“,268611,139642,128964,5,248652,19959,110,82086,43409,47,2817
Balochistan,Rakhshan,Kharan,35879,260352,7.26,162766,8.17,KHARAN,1270,2884,12700,2846,1827,260352,2652,1337,3969,237534,0,22119,9,0,151,0,0,20,83,245,76,1,54,260352,60,73734,62625,61622,152476,200768,0.41072037566567854,âœ“,0.36725972266496654,âœ“,35843,21380,8586,5877,183,370,33283,2007,23625,2639,0.5964902491420919,âœ“,35843,22827,19063,11166,5614,26785,1268,0.5318472226097146,âœ“,35843,29311,15195,20648,18974,7228,4118,5,47,5471,0.8177607901124347,âœ“,260352,139695,120646,11,179546,80806,145,76578,35470,141,1692
Balochistan,Rakhshan,Nushki,31268,207834,6.65,178947,2.53,NUSHKI,1017,2024,8944,1979,1354,207200,1688,917,2773,79697,1,117831,40,0,20,0,0,21,80,8984,126,16,92,207200,292,91200,76506,31069,133949,166937,0.5711576794152998,âœ“,0.546313878888443,âœ“,31255,26467,3160,1628,1204,4682,24204,1165,20005,2965,0.8468085106382979,âœ“,31255,21602,21714,6623,2918,22972,1204,0.6947368421052632,âœ“,31255,29338,19687,11568,23661,3658,1544,2,12,2378,0.9386658134698448,âœ“,207200,107967,99228,5,159096,48104,62,65094,39380,38,2517
Balochistan,Rakhshan,Washuk,49080,302623,6.17,175712,9.51,WASHUK,2075,5977,23194,4855,3217,302367,4695,2645,7206,206492,0,95144,55,0,138,0,0,34,52,55,54,17,120,302367,206,50706,38756,84010,179601,237593,0.21578944437948563,âœ“,0.21341537839919525,âœ“,49049,12897,19994,16158,393,2269,42042,4345,28916,9545,0.2629411404921609,âœ“,49049,21647,14053,13993,21003,32562,7399,0.28650940895838856,âœ“,49049,36126,14293,34756,6812,10970,27176,3,110,3978,0.7365287773451039,âœ“,302367,162790,139552,25,261516,40851,172,98740,34920,126,2247
Balochistan,Sibi,Dera Bugti,62298,355274,5.7,313110,2.13,DERA BUGTI,725,1793,5015,1200,898,355274,1346,379,2052,351499,0,2,15,0,201,1,0,23,259,449,2281,6,267,355274,271,63140,48816,92428,202817,273389,0.24068988299797353,âœ“,0.2309529644572386,âœ“,62267,21356,8225,32686,14792,58,41675,5742,16565,28764,0.34297460934363305,âœ“,62267,13726,21769,4554,35944,16518,32207,0.34960733614916406,âœ“,62267,33049,16557,45710,15787,7499,11151,5,130,27695,0.53076268328328,âœ“,355274,194588,160682,4,246827,108447,113,130374,23680,97,2608
Balochistan,Sibi,Harnai,16400,127571,7.78,97052,4.68,HARNAI,1047,3165,10248,2115,1508,127571,1978,1132,3374,10470,0,146,73,1,8,1,0,230,701,113843,563,0,949,127571,586,27687,28904,32265,72572,96090,0.3982803285013504,âœ“,0.2881361223852638,âœ“,16393,11546,2347,2500,105,127,14978,1183,5837,4606,0.7043250167754529,âœ“,16393,5649,7059,1663,7671,8126,4386,0.4306106264869152,âœ“,16393,8677,8343,8050,3264,1467,3816,1,26,7819,0.5293112914048679,âœ“,127571,67362,60205,4,94138,33433,30,37274,16994,26,867
Balochistan,Sibi,Kohlu,38115,260220,6.83,213933,3.33,KOHLU,2358,9676,28307,5427,3791,260220,5060,3423,8878,248789,0,2,1,0,192,0,0,128,243,10324,91,1,26,260220,423,47445,46661,69516,163542,210979,0.2853150872558731,âœ“,0.2248802013470535,âœ“,38095,7093,7363,23639,187,61,35048,2799,10580,19695,0.18619241370258563,âœ“,38095,7407,8585,3837,25673,12370,18326,0.22535765848536551,âœ“,38095,11604,6819,31276,4213,2517,6903,28,49,24385,0.3046069037931487,âœ“,260220,136243,123961,16,241242,18978,133,92394,31575,135,1566
Balochistan,Sibi,Sibi,31303,224148,7.16,179751,3.76,SIBI,1841,6558,18020,3560,2602,224148,3314,2117,5993,98971,0,6517,25,0,97,0,0,151,2786,30036,29938,5,52684,224148,2938,74170,68529,47202,144535,180714,0.47413429273186425,âœ“,0.41042752636763064,âœ“,31296,21884,6352,3060,10354,141,19978,823,15383,6203,0.6992586912065439,âœ“,31296,18152,20770,6930,3596,17859,4264,0.6636630879345603,âœ“,31296,21023,15110,16186,12842,5069,2096,8,46,11235,0.6717471881390593,âœ“,224148,115033,109110,5,154848,69300,93,74028,38060,84,3247
Balochistan,Sibi,Ziarat,22900,189535,8.28,160095,2.86,ZIARAT,1335,4823,12712,2459,1858,189535,2312,1472,4165,851,0,5,2,0,17,0,0,123,322,187360,558,0,51,189535,246,54629,47976,43568,110630,146113,0.43366175540088586,âœ“,0.3738818585615243,âœ“,22894,10802,10067,2025,6178,374,15534,808,8752,2962,0.47182667947933954,âœ“,22894,8745,11092,2498,9304,15453,1916,0.4844937538219621,âœ“,22894,12479,5726,17168,1889,2968,5640,3,50,12344,0.5450773128330567,âœ“,189535,96172,93355,8,140133,49402,40,50079,32189,21,1848
Balochistan,Zhob,Killa Saifullah,70021,380200,5.43,342932,1.74,KILLA SAIFULLAH,2079,7956,20098,3866,2892,380200,3881,2262,6669,606,0,0,17,0,43,0,0,114,484,378379,232,0,29,380200,296,94541,74678,85325,226581,295387,0.32958632895079465,âœ“,0.3200580932810178,âœ“,69998,31001,30848,8149,429,1133,63624,4812,33917,8798,0.44288408240235433,âœ“,69998,19865,23078,10794,36126,46769,5584,0.3296951341466899,âœ“,69998,43398,29962,40036,23028,11832,9544,19,217,25358,0.6199891425469299,âœ“,380200,199074,181125,1,316025,64175,57,131865,41077,68,2937
Balochistan,Zhob,Sherani,36108,191687,5.31,152952,3.84,SHERANI,685,2026,6774,1340,935,191673,1503,647,2268,149,0,0,1,0,2,0,0,4,8,191431,5,0,24,191673,49,30182,27747,55915,116273,150020,0.2386366568334867,âœ“,0.20118650846553793,âœ“,36100,836,30990,4274,461,141,32666,2832,17244,2973,0.0231578947368421,âœ“,36100,14538,16154,10009,9937,21911,3040,0.4474792243767313,âœ“,36100,19266,18627,17473,2676,6654,11921,2,90,14757,0.5336842105263158,âœ“,191673,105338,86329,6,191673,0,116,67534,19577,282,823
Balochistan,Zhob,Zhob,47925,355692,7.42,310354,2.3,ZHOB,2161,7812,21151,4227,3082,355556,4137,2358,6867,403,0,7,122,0,28,0,0,158,1484,347202,5286,4,128,355556,734,99236,71952,73649,196456,265372,0.3662499490980168,âœ“,0.3739505298222872,âœ“,47901,23464,19478,4959,663,956,43155,3127,23679,6880,0.48984363583223733,âœ“,47901,19023,22657,7679,17565,30521,4398,0.4729963883843762,âœ“,47901,30953,27082,20819,12137,10106,14487,2,31,11138,0.6461869272040249,âœ“,355556,192137,163414,5,308655,46901,72,100139,42689,108,2334
ICT,ICT,ICT,411518,2363863,5.74,2003368,2.8,ISLAMABAD,22481,73022,185380,37581,29468,2283244,33769,22336,61634,4503,10315,668,140780,182,51920,5016,1095,64734,1154540,415838,46270,7099,21362,2283244,358922,1708958,1508916,89127,1797000,2045762,0.8396861435726211,âœ“,0.8353650131344702,âœ“,410993,397358,9055,4580,252912,99909,54101,4071,349502,15756,0.966824252481186,âœ“,410993,371815,396553,10330,4110,361404,15356,0.9648655816522422,âœ“,410993,397091,242997,167996,99487,202430,14276,46019,10889,37892,0.9661746063801572,âœ“,8010453,4235329,3774053,1071,4346875,3663578,4108,1010012,486220,1369,44414
