DISTRICT,PROVINCE,hci,fci,lap,soi,archetype_tercile,archetype_median,cluster,literacy_rate_calc,urdu_pct,dependency_ratio,electrification,flush_toilet
BATAGRAM,,0.508537445272082,0.462002991681291,0.390664530000821,0.473338599213861,Other,Anchor,4,0.39090474546565,0.000614511508535384,0.96902080108187,0.671922130957353,0.73161167571581
BATAGRAM,KPK,0.508537445272082,0.462002991681291,0.390664530000821,0.473338599213861,Other,Anchor,4,0.39090474546565,0.000614511508535384,0.96902080108187,0.671922130957353,0.73161167571581
CHAKWAL,PUNJAB,0.818092020802584,0.160265360940979,0.764989301332387,0.596179606407734,Vanguard,Vanguard,3,0.777870947612219,0.0165601329107016,0.655735447802936,0.969810066542491,0.914270282996005
CHAKWAL,,0.818092020802584,0.160265360940979,0.764989301332387,0.596179606407734,Vanguard,Vanguard,3,0.777870947612219,0.0165601329107016,0.655735447802936,0.969810066542491,0.914270282996005
CHAMAN,,0.314065513928467,0.367939289936589,0.399243794371218,0.403676451540504,Other,Anchor,4,0.399674143306566,0.00107674950345118,1.25451538495017,0.671081321166115,0.64120164741985
CHAMAN,BALOCHISTAN,0.314065513928467,0.367939289936589,0.399243794371218,0.403676451540504,Other,Anchor,4,0.399674143306566,0.00107674950345118,1.25451538495017,0.671081321166115,0.64120164741985
JHANG,,0.713041629681994,0.264350641145084,0.566483200995855,0.495853462162183,Vanguard,Vanguard,2,0.594498916296832,0.0471249224060628,0.772824477805279,0.924412447992781,0.766290175386535
JHANG,PUNJAB,0.713041629681994,0.264350641145084,0.566483200995855,0.495853462162183,Vanguard,Vanguard,2,0.594498916296832,0.0471249224060628,0.772824477805279,0.924412447992781,0.766290175386535
MUZAFFARGARH,PUNJAB,0.550677444759383,0.306299383136765,0.460734916752695,0.459985220900044,Other,Vanguard,2,0.479880547100642,0.0398966585822697,0.935240545761399,0.910895556898108,0.760637861463531
MUZAFFARGARH,,0.550677444759383,0.306299383136765,0.460734916752695,0.459985220900044,Other,Vanguard,2,0.479880547100642,0.0398966585822697,0.935240545761399,0.910895556898108,0.760637861463531
PANJGUR,BALOCHISTAN,0.3420626152383,0.510492559868262,0.420281940060181,0.589280488047819,Anchor,Anchor,4,0.420651612375046,0.000878808743362346,0.771807811815736,0.458574246940362,0.224752111641572
PANJGUR,,0.3420626152383,0.510492559868262,0.420281940060181,0.589280488047819,Anchor,Anchor,4,0.420651612375046,0.000878808743362346,0.771807811815736,0.458574246940362,0.224752111641572
QUETTA,BALOCHISTAN,0.66334954271135,0.188365207115228,0.548496721700323,0.516623863532761,Other,Vanguard,2,0.562882976555062,0.02555816298227,0.890994072977557,0.929421512242641,0.86281585944623
QUETTA,,0.66334954271135,0.188365207115228,0.548496721700323,0.516623863532761,Other,Vanguard,2,0.562882976555062,0.02555816298227,0.890994072977557,0.929421512242641,0.86281585944623
RAWALPINDI,PUNJAB,0.884502133303582,0.17437976232733,0.690892272029791,0.659333341200426,Vanguard,Vanguard,3,0.832245284750224,0.169845375288436,0.612137906663992,0.984313627254509,0.949802605210421
RAWALPINDI,,0.884502133303582,0.17437976232733,0.690892272029791,0.659333341200426,Vanguard,Vanguard,3,0.832245284750224,0.169845375288436,0.612137906663992,0.984313627254509,0.949802605210421
TANDO ALLAHYAR,,0.377515570842917,0.509022777013831,0.369179337443411,0.441620793556429,Anchor,Anchor,4,0.398017999472496,0.0724556730281168,0.882494660889947,0.690298696688473,0.566543266223777
TANDO MUHAMMAD KHAN,SINDH,0.319715924135712,0.59425396009443,0.335480068410296,0.430032298884648,Anchor,Anchor,4,0.340249218580572,0.0140166381282863,0.824816619156071,0.396486738341284,0.347299684279336
TANDO MUHAMMAD KHAN,,0.319715924135712,0.59425396009443,0.335480068410296,0.430032298884648,Anchor,Anchor,4,0.340249218580572,0.0140166381282863,0.824816619156071,0.396486738341284,0.347299684279336
AWARAN,BALOCHISTAN,0.455415674418601,0.516342112929929,0.362912126963013,0.432945939286824,Other,Anchor,4,0.363356785128298,0.00122375082421574,1.07321678888773,0.120161174269679,0.519211397323356
KALAT,BALOCHISTAN,0.453639705642485,0.539796419345728,0.396666388743223,0.352157809322217,Other,Anchor,4,0.397017265690364,0.000883782589482987,1.18258975574863,0.420561312347059,0.414247303706837
KHUZDAR,BALOCHISTAN,0.315097744107824,0.518200244180127,0.385455627781113,0.41992909378565,Anchor,Anchor,4,0.38587973352767,0.00109906198669493,1.16887966714733,0.36030349953546,0.444645401052958
LASBELA,BALOCHISTAN,0.369596845495379,0.465757230440348,0.363780526241801,0.434466170395467,Other,Anchor,4,0.364688476359644,0.00248965946746257,0.878569142302131,0.609759475155575,0.697643220038256
MASTUNG,BALOCHISTAN,0.477093216465614,0.321439204449847,0.459457902604431,0.402039528211757,Other,Trapped,2,0.459739004826488,0.000611438705670694,1.04220683703689,0.719121180913148,0.675431971621467
SURAB,BALOCHISTAN,0.258736740557126,0.449601438879856,0.37420625086426,0.465490086076006,Other,Anchor,4,0.374394093283786,0.000501723779556906,1.25956337252616,0.471665332734691,0.492045210533508
BARKHAN,BALOCHISTAN,0.389586071779782,0.602997109211438,0.33604379897872,0.262385043337957,Anchor,Anchor,4,0.336245307231845,0.000599289413980566,1.34907209814196,0.459332841712575,0.285082201882618
DUKI,BALOCHISTAN,0.301871071702198,0.499480323332323,0.441362910654613,0.505856506691877,Anchor,Anchor,4,0.4418456042001,0.00109244845008876,0.879792442105649,0.570612415522887,0.448361550430804
LORALAI,BALOCHISTAN,0.511503166195795,0.528511036694534,0.429346658878859,0.381577316061745,Other,Anchor,4,0.431646195157094,0.00532736371601253,1.15520510789467,0.547678861150364,0.523525409535772
MUSAKHEL,BALOCHISTAN,0.475418250981978,0.657412822947013,0.365860856555823,0.329060032347397,Other,Anchor,4,0.365999405226571,0.000378548895899054,1.35041908446164,0.24760015359017,0.267246896198643
GWADAR,BALOCHISTAN,0.656974066691615,0.343131935269363,0.500944822986449,0.61187939065688,Other,Vanguard,2,0.502952774299651,0.00399232575264752,0.846890856752537,0.801199436026769,0.784756836189606
KECH,BALOCHISTAN,0.548654033893824,0.457325404108008,0.495978835710472,0.628339480474215,Other,Anchor,2,0.496468371025893,0.000986035252174274,0.804765347873797,0.609720879771181,0.562528848998915
JAFFARABAD,BALOCHISTAN,0.327749999772748,0.667369916889485,0.354612513772703,0.376189976927022,Anchor,Anchor,4,0.355252443547493,0.0018013381369017,1.15345442691827,0.745837522375616,0.473651945759054
JHAL MAGSI,BALOCHISTAN,0.268081892441003,0.665841389006755,0.301103186829671,0.348287637519607,Anchor,Anchor,4,0.301383277303149,0.000929349750206522,1.1006052843597,0.449617161502924,0.346073078538429
KACHHI,BALOCHISTAN,0.14581469435698,0.55854334106545,0.30101158476046,0.312797935650015,Anchor,Anchor,4,0.301996696217963,0.00326199415371131,1.27771546179573,0.774504317236968,0.494163735209466
NASIRABAD,BALOCHISTAN,0.195210471278872,0.65847982041093,0.289292114915684,0.317416973225314,Anchor,Anchor,4,0.289622706858931,0.00114145726636074,1.19201509815748,0.703631335984277,0.306092600210247
SOHBATPUR,BALOCHISTAN,0.473469329756013,0.744048024603885,0.409810234562624,0.3083498317968,Other,Anchor,4,0.410232245527137,0.0010287123187259,1.40942068979358,0.770231813600522,0.335003260805122
KILLA ABDULLAH,BALOCHISTAN,0.190645468065285,0.485458245537469,0.363787222264646,0.452372533092746,Anchor,Anchor,4,0.364024561157633,0.000651985932574709,1.0527461933252,0.264783248376406,0.507378620576915
PISHIN,BALOCHISTAN,0.44356246133243,0.368083654271179,0.510428113641782,0.470395497755945,Other,Anchor,2,0.510674440671677,0.000482356292535327,1.13070111905661,0.534701226347794,0.65305567822808
CHAGAI,BALOCHISTAN,0.255875271886,0.391741485579333,0.331181551313896,0.417891124131292,Other,Anchor,4,0.33145919563605,0.000837642538838692,1.18113388333117,0.352419333734593,0.659749299976448
KHARAN,BALOCHISTAN,0.374625455871116,0.42150696589006,0.410625722186773,0.449898507286032,Other,Anchor,4,0.410720375665679,0.000230457227138643,1.36758968762788,0.596490249142092,0.531847222609715
NUSHKI,BALOCHISTAN,0.607121719492572,0.282391695825333,0.570352766083305,0.467471658016197,Other,Vanguard,2,0.5711576794153,0.00140926640926641,1.02254868466006,0.846808510638298,0.694736842105263
WASHUK,BALOCHISTAN,0.155018094752043,0.56001924860273,0.215642428913042,0.429512523365372,Anchor,Anchor,4,0.215789444379486,0.000681291278479464,1.30867374207834,0.262941140492161,0.286509408958389
DERA BUGTI,BALOCHISTAN,0.188709002910127,0.642437445127713,0.240506286792531,0.256911596642191,Anchor,Anchor,4,0.240689882997974,0.000762791535547212,1.35993463704963,0.342974609343633,0.349607336149164
HARNAI,BALOCHISTAN,0.289815548631288,0.560457775504955,0.396450819659201,0.310749049564558,Anchor,Anchor,4,0.39828032850135,0.00459352047095343,1.42654974987161,0.704325016775453,0.430610626486915
KOHLU,BALOCHISTAN,0.201774033094823,0.705828341859202,0.284851293996672,0.333751979078051,Anchor,Anchor,4,0.285315087255873,0.00162554761355776,1.16032676374384,0.186192413702586,0.225357658485366
SIBI,BALOCHISTAN,0.401646383156798,0.445688056240679,0.467919619604974,0.395573815191688,Other,Anchor,4,0.474134292731864,0.0131074111747595,1.02725948972116,0.699258691206544,0.66366308793456
ZIARAT,BALOCHISTAN,0.399716403474071,0.522382394532127,0.433098900034708,0.361130351409056,Anchor,Anchor,4,0.433661755400886,0.00129791331416361,1.35763508806846,0.47182667947934,0.484493753821962
KILLA SAIFULLAH,BALOCHISTAN,0.332280077718746,0.574953224580661,0.329329733597377,0.363888585403582,Anchor,Anchor,4,0.329586328950795,0.000778537611783272,1.26849642004773,0.442884082402354,0.32969513414669
SHERANI,BALOCHISTAN,0.102876222271992,0.575729960118039,0.238575650869241,0.480991571087605,Anchor,Anchor,4,0.238636656833487,0.000255643726555123,1.23906593149853,0.0231578947368421,0.447479224376731
ZHOB,BALOCHISTAN,0.466588422476617,0.529381257356902,0.365493872804443,0.283276699561417,Other,Anchor,4,0.366249949098017,0.00206437241953448,1.56667244167244,0.489843635832237,0.472996388384376
BANNU,KPK,0.504082479588405,0.350697341934668,0.416061824810291,0.429481287226788,Other,Trapped,2,0.417451919851941,0.00332995244612357,0.935691015089163,0.846262218096434,0.682952001310544
LAKKI MARWAT,KPK,0.567126636907655,0.301969826415288,0.484517966070272,0.40922527755297,Other,Vanguard,2,0.484729857052849,0.000437132104602914,0.94775659339007,0.770151745068285,0.809188163884674
NORTH WAZIRISTAN,KPK,0.282307072012303,0.498976868806314,0.327882297770866,0.440515168174387,Anchor,Anchor,4,0.328225611673404,0.00104596926725885,1.0797624798591,0.526361765148853,0.537406496310056
DERA ISMAIL KHAN,KPK,0.547729700616777,0.344477630189475,0.457810889416141,0.434171057183992,Other,Trapped,2,0.465770489467873,0.0170891033925864,0.871542415027238,0.808707470900411,0.829402157609964
SOUTH WAZIRISTAN,KPK,0.282846532210663,0.529291471617062,0.319501941785949,0.389629495048202,Anchor,Anchor,4,0.319645097325078,0.00044785776577489,0.968246269152569,0.308885107145256,0.586399158064444
TANK,KPK,0.458293224724607,0.409449374730188,0.406290521424832,0.387977691084943,Other,Anchor,4,0.406692636863806,0.000988745314091428,1.02946938705056,0.686932244944234,0.705624760852005
ABBOTTABAD,KPK,0.901506233442058,0.212556786826,0.749791622828815,0.631480475307759,Vanguard,Vanguard,3,0.773441122228356,0.0305769873360299,0.671890775804731,0.989725029456605,0.930292370000296
HARIPUR,KPK,0.866286774831523,0.192154879882067,0.73385107390888,0.587209950526291,Vanguard,Vanguard,3,0.748802796505715,0.0199675036826886,0.679623828042222,0.978701071961174,0.922213966152423
KOLAI PALAS KOHISTAN,KPK,0,0.675029179976591,0.187668295266715,0.501053981179286,Anchor,Anchor,4,0.188009009277766,0.00181222172469437,1.55296249164204,0.15807903951976,0.396698349174587
LOWER KOHISTAN,KPK,0.0792276261650719,0.584242663506,0.217280693999941,0.333277903277703,Anchor,Anchor,4,0.220459237865642,0.0144178302368903,1.52174166084672,0.366211164382115,0.54079455931738
MANSEHRA,KPK,0.799433540818925,0.297593961774474,0.630528642541208,0.562345605527965,Other,Vanguard,3,0.637939203701401,0.0116164065747889,0.769945743226804,0.952324758886183,0.885023737298165
TORGHAR,KPK,0.37107498102317,0.632924670802353,0.297310309395581,0.40133741880242,Anchor,Anchor,4,0.297448315798182,0.000463967671929956,1.0341692121901,0.316218973138388,0.449914994899694
UPPER KOHISTAN,KPK,0.0667992827887125,0.696377994896891,0.190202131257999,0.402514512242805,Anchor,Anchor,4,0.190540251180025,0.00177453278208791,1.38072302954725,0.209097187343044,0.438787041687594
HANGU,KPK,0.54836473759578,0.327610200621366,0.431180458117078,0.523791899814682,Other,Trapped,2,0.431503086146779,0.000747684176681766,0.851678450520145,0.687724864263754,0.84548963171322
KARAK,KPK,0.7683604243207,0.262098591381875,0.653342543707654,0.562162973304406,Vanguard,Vanguard,3,0.653622386942695,0.000428142059743606,0.826179685417222,0.752565184328677,0.881923393439378
KOHAT,KPK,0.704610864268879,0.251193922397025,0.580599959425269,0.555588001031223,Vanguard,Vanguard,2,0.585466919739094,0.00831295526653216,0.762500892258055,0.87769258423258,0.895761997654395
KURRAM,KPK,0.420536545542212,0.471898343869383,0.351888382300122,0.447592054799919,Other,Anchor,4,0.352169513859476,0.000798284769948844,1.03312814831305,0.513781359732623,0.653805474467995
ORAKZAI,KPK,0.414864497159829,0.495108344056566,0.33552431045071,0.368403339497937,Anchor,Anchor,4,0.335705346255054,0.000539269947182508,1.07926799826174,0.28723322585598,0.628281897742976
BAJAUR,KPK,0.278411046609044,0.564043426070171,0.262536477642163,0.341619603938798,Anchor,Anchor,4,0.262612614266534,0.000289919905729269,1.10529657784071,0.259753768595314,0.582424779442925
BUNER,KPK,0.622075856126467,0.398059334784816,0.43733224545176,0.478146715167352,Other,Coiled Spring,2,0.437502655092822,0.000389505387174256,0.897009898588448,0.803606792230228,0.73412547929044
LOWER CHITRAL,KPK,0.810829751924065,0.291931215700505,0.65607499752884,0.555731155538382,Other,Vanguard,3,0.660970475101362,0.00740649961977664,0.760776827952527,0.865885982445468,0.878660815155992
LOWER DIR,KPK,0.798100773296032,0.29139579236438,0.573309319567854,0.572126145529864,Other,Vanguard,3,0.573604712321042,0.000514976161880846,0.969559763454991,0.930012423830089,0.895063006566882
MALAKAND,KPK,0.823959311015288,0.239089121661063,0.616300811122591,0.546124211726087,Vanguard,Vanguard,3,0.616645975139173,0.000559744213856214,0.843334531884055,0.968263229547906,0.864734171396241
SHANGLA,KPK,0.437063189705208,0.424380227457364,0.337243412055122,0.414238527136255,Other,Anchor,4,0.33738657049513,0.000424315762769323,1.04263915161938,0.745196750039828,0.676533375816473
SWAT,KPK,0.678296529386653,0.301489216261973,0.480898708354457,0.493189987767306,Other,Vanguard,2,0.48129649241312,0.000826484433054016,0.88409430305564,0.945591954083292,0.880169039799377
UPPER CHITRAL,KPK,0.844164058093601,0.268471109546813,0.737732393044282,0.675101384887815,Other,Vanguard,3,0.73829984749022,0.000768596184688539,0.618827608517133,0.866944813199317,0.946444149440546
UPPER DIR,KPK,0.682540084124653,0.427820524725692,0.467548968713531,0.550755744186736,Other,Coiled Spring,2,0.467703657769754,0.000330741600271984,1.1277077550892,0.808146533276268,0.808133158570512
MARDAN,KPK,0.728727581834368,0.232178977142798,0.557077860341027,0.50695299547689,Vanguard,Vanguard,2,0.557863761121447,0.00140876829647403,0.812203896841544,0.957279242826031,0.925080888791321
SWABI,KPK,0.743127244158678,0.284016461577629,0.584216659034026,0.516728745363382,Other,Vanguard,2,0.584776924721626,0.000958084465911556,0.789436415049507,0.947124483826566,0.879495010323469
CHARSADDA,KPK,0.703658809224065,0.221869854036723,0.539083637366353,0.477977978535695,Vanguard,Vanguard,2,0.539374907622864,0.00054001447304178,0.845337023063495,0.895746663938712,0.932433866042268
KHYBER,KPK,0.464784298460251,0.564542233229315,0.384338373370435,0.417963383713808,Other,Anchor,4,0.384546420949707,0.000541020714112438,1.03764909211172,0.325739636102035,0.472521806900273
MOHMAND,KPK,0.305727341852779,0.485329447824568,0.312761357332457,0.33238839052468,Anchor,Anchor,4,0.312847203048208,0.000274401416777841,1.06104634938589,0.384552858237069,0.450283713441608
NOWSHERA,KPK,0.730460919080398,0.215551925291238,0.562205367274343,0.546102113051422,Vanguard,Vanguard,2,0.567840955388063,0.00992458902487715,0.766025791038459,0.939231793789987,0.908797647185631
PESHAWAR,KPK,0.668239203692432,0.246422310636463,0.52326951513445,0.51910474732355,Other,Vanguard,2,0.53284102601566,0.0179631642720553,0.788990884423681,0.917613636363636,0.904734752002964
BAHAWALNAGAR,PUNJAB,0.664654573266442,0.303919523110085,0.551032529383402,0.465035466777825,Other,Vanguard,2,0.570136689221489,0.0335080344753366,0.791999947426608,0.928924205905139,0.80018148690138
BAHAWALPUR,PUNJAB,0.607136117955827,0.253703097675207,0.504352339644481,0.496600881680858,Other,Vanguard,2,0.53354768260131,0.054719276100099,0.803000591916117,0.931230389776623,0.844753109793492
RAHIM YAR KHAN,PUNJAB,0.523587892577563,0.27780340196742,0.465346998474734,0.456585881915652,Other,Trapped,2,0.479376935374763,0.0292670253087174,0.848053880028616,0.904313724541746,0.828845312004953
DERA GHAZI KHAN,PUNJAB,0.528132655855371,0.335184397552453,0.45660238304757,0.424374449258611,Other,Trapped,2,0.467830904966465,0.0240012401910485,1.00278959081073,0.807476499788762,0.703987554569779
LAYYAH,PUNJAB,0.768584386258818,0.283550028145234,0.601313344867602,0.487553671699293,Other,Vanguard,2,0.618344607745925,0.0275433191540368,0.79840993797321,0.854554408716886,0.861962120123941
RAJANPUR,PUNJAB,0.394575573476985,0.472102859056563,0.35149949731908,0.375746167437546,Anchor,Anchor,4,0.360905323853665,0.0260617561252679,1.04968861927941,0.574010779173823,0.578527524179698
CHINIOT,PUNJAB,0.674488135914432,0.296196342317664,0.531719276446589,0.493202847825772,Other,Vanguard,2,0.550463631175422,0.0340519403412872,0.76044169175511,0.942372035345776,0.68864988808211
FAISALABAD,PUNJAB,0.814118729315123,0.175002035445222,0.70115158067367,0.612451840418099,Vanguard,Vanguard,3,0.73413970068135,0.044934390521401,0.646824778308353,0.979135404003405,0.931000966897676
TOBA TEK SINGH,PUNJAB,0.795013653036036,0.185330547300028,0.69611458594336,0.591941181239362,Vanguard,Vanguard,3,0.713842400185435,0.0248343531253813,0.682841846293345,0.966394682860451,0.896553912707923
GUJRANWALA,PUNJAB,0.84117809367611,0.0959809568324795,0.720070448913253,0.611720578065883,Vanguard,Vanguard,3,0.767747195171171,0.0620995381784335,0.723176807295846,0.985352876962047,0.967680471797988
GUJRAT,PUNJAB,0.861043376214919,0.105573105705507,0.78541265920031,0.681451326375613,Vanguard,Vanguard,3,0.813740756248364,0.0348121890547264,0.632933257915106,0.985228993515716,0.957761215685714
HAFIZABAD,PUNJAB,0.767473757369829,0.127682077772636,0.636905744356559,0.545411547900351,Vanguard,Vanguard,3,0.657668137032276,0.031569710476482,0.700370830412732,0.981171972455199,0.897178584830076
MANDI BAHAUDDIN,PUNJAB,0.773906816141558,0.1796642442505,0.67057938491053,0.562441092919309,Vanguard,Vanguard,3,0.702689914370391,0.0456965850842358,0.707007106494767,0.98048176678124,0.868582358062723
NAROWAL,PUNJAB,0.882612313932592,0.170467366331045,0.729884639174836,0.67458742054442,Vanguard,Vanguard,3,0.75283831397625,0.0304895146478132,0.717527102018751,0.987909183905433,0.941343203000682
SIALKOT,PUNJAB,0.903502601931718,0.113221987377342,0.745614247693574,0.676276570753605,Vanguard,Vanguard,3,0.783700211220835,0.0485976180457207,0.687815772352569,0.985078651015909,0.960193350414109
KASUR,PUNJAB,0.760191437732348,0.230226006857558,0.607381960153756,0.530264974931769,Vanguard,Vanguard,3,0.628486529588561,0.0335799869069926,0.764781828346641,0.980807614348497,0.934597122614317
LAHORE,PUNJAB,0.8466241059971,0.160688435450465,0.627977898906556,0.675514503609904,Vanguard,Vanguard,3,0.796190104293045,0.21127140927712,0.647476828221524,0.981010085935654,0.955637304281859
NANKANA SAHIB,PUNJAB,0.752660245890126,0.206974249995675,0.619346015353151,0.538461821847312,Vanguard,Vanguard,3,0.631203933444475,0.0187861916934119,0.728231810642731,0.980684818348208,0.902820745395941
SHEIKHUPURA,PUNJAB,0.782808924964312,0.14496659281625,0.655136061579567,0.575409002757779,Vanguard,Vanguard,3,0.688830140983719,0.04891493185248,0.719237577022018,0.983437278764791,0.960693456494623
KHANEWAL,PUNJAB,0.707675040249024,0.227957396726477,0.560610418797941,0.535231313422883,Vanguard,Vanguard,2,0.609673765587416,0.0804747547931689,0.744279836586021,0.96032276946233,0.877918114162783
LODHRAN,PUNJAB,0.597547550563641,0.259814569713761,0.483682618604145,0.493260990467031,Other,Vanguard,2,0.516811443804652,0.064102344477166,0.783450865591054,0.955006082762624,0.857660266900508
MULTAN,PUNJAB,0.692202539396966,0.210220079286128,0.505287276868284,0.586495795852392,Vanguard,Vanguard,2,0.614104945387603,0.177197186468897,0.707522642228492,0.974675989855504,0.896995911515447
VEHARI,PUNJAB,0.666598146651876,0.233744949965538,0.556526185722845,0.515711847152906,Other,Vanguard,2,0.590994337540479,0.0583223046790567,0.751504125103971,0.966394493182772,0.877374612364558
ATTOCK,PUNJAB,0.777303319965719,0.167482671245242,0.683434947424362,0.562233230658594,Vanguard,Vanguard,3,0.702241341285728,0.0267805279406284,0.626652482107246,0.960646715992463,0.926661073019694
JHELUM,PUNJAB,0.847148633369773,0.163233033622292,0.772286182196321,0.656947701725585,Vanguard,Vanguard,3,0.806511184885839,0.0424358686288559,0.589001984076218,0.980398491251353,0.925440051688611
OKARA,PUNJAB,0.7192793955529,0.225208450708893,0.574566751860787,0.512590116257895,Vanguard,Vanguard,2,0.602528344858317,0.046407099742511,0.758498356419751,0.973341167567725,0.892173163260109
PAKPATTAN,PUNJAB,0.687725767378595,0.28918527732608,0.5512384823079,0.491072219413931,Other,Vanguard,2,0.571253796106847,0.0350375156110177,0.803053227579522,0.966852031368816,0.856146929582697
SAHIWAL,PUNJAB,0.728954055736137,0.220851609699917,0.632921806327719,0.533347712526323,Vanguard,Vanguard,3,0.647707269773721,0.0228273853575352,0.733217469224349,0.964171999480526,0.889164050639714
BHAKKAR,PUNJAB,0.679466070962618,0.284719965900605,0.515022678772789,0.43563559038787,Other,Vanguard,2,0.556757030388534,0.0749597209156395,0.827373660030628,0.88641318051393,0.812943050196131
KHUSHAB,PUNJAB,0.718862269311802,0.259971492444788,0.616322868824527,0.501610318476748,Vanguard,Vanguard,2,0.625240080863751,0.0142620607861624,0.681462775760523,0.891121367356144,0.819571976287132
MIANWALI,PUNJAB,0.708754202106663,0.256066848705038,0.608861120107433,0.521471587377993,Vanguard,Vanguard,2,0.62868762021202,0.0315363297561052,0.694403900749034,0.914159121816568,0.874856161355745
SARGODHA,PUNJAB,0.78199603939272,0.221564544634645,0.616514129659345,0.539489970054953,Vanguard,Vanguard,3,0.667281830480415,0.0760813474937853,0.696951241989285,0.961518059507161,0.845556398240007
BADIN,SINDH,0.344161429346112,0.61905866594198,0.363773187294315,0.423533945063226,Anchor,Anchor,4,0.366470737982889,0.0073608897218437,0.887684070391157,0.400719290661788,0.321067023212329
DADU,SINDH,0.519058894379638,0.39674414695899,0.470158734001937,0.478613272279301,Other,Anchor,2,0.471272602325013,0.00236353294798219,0.872620809513215,0.619080626543817,0.80748140076541
HYDERABAD,SINDH,0.698506053262917,0.246810986363987,0.363466937793062,0.603557556764112,Vanguard,Vanguard,1,0.672080314501612,0.459191215766236,0.688195870529131,0.910953142744946,0.90186996169044
JAMSHORO,SINDH,0.517120633678201,0.422206694815247,0.478058536683245,0.497976906831552,Other,Anchor,2,0.496254726935546,0.0366670366339186,0.803147877958399,0.641857110069183,0.68830359777604
MATIARI,SINDH,0.480810688495123,0.452776217474378,0.446577722780374,0.461580233221344,Other,Anchor,4,0.458788110763443,0.0266144385536722,0.841750783342188,0.694755242548734,0.641947962615879
SUJAWAL,SINDH,0.168333351555618,0.656411608697608,0.270064627831202,0.33541534230994,Anchor,Anchor,4,0.270171177947133,0.000394380025068748,0.973996528480105,0.311298424968839,0.244973371775341
THATTA,SINDH,0.163606872482625,0.61110064407256,0.26538503774396,0.376060899547248,Anchor,Anchor,4,0.268780805735468,0.0126339676012818,0.896993716331234,0.447890903095023,0.30687384215478
KARACHI CENTRAL,SINDH,0.842366383711564,0.175122480345212,0.165470222314628,0.788133629875434,Vanguard,Vanguard,1,0.835533477868792,0.801958596875501,0.623029727316215,0.991204849616441,0.974116646296148
KARACHI EAST,SINDH,0.815757910491999,0.189671493852944,0.408536767192562,0.739930695605118,Vanguard,Vanguard,1,0.800681645371261,0.489763791196774,0.643808965384573,0.97817676667339,0.944195308080663
KARACHI SOUTH,SINDH,0.78435406881887,0.189588012728074,0.513021399310558,0.713734654060927,Vanguard,Vanguard,1,0.785656723197322,0.347015835080291,0.569862592786256,0.988122599054795,0.96558870647129
KARACHI WEST,SINDH,0.652443849062695,0.179954526482262,0.300722454200326,0.718559757120581,Other,Vanguard,1,0.674276019644824,0.55400689711799,0.665134761081768,0.959479813063199,0.954851578032344
KEAMARI,SINDH,0.610294823526903,0.20705282444837,0.483812863838689,0.628685049054542,Other,Vanguard,2,0.620705998979747,0.220544243758027,0.700314380285781,0.976212784492403,0.948032251089712
KORANGI,SINDH,0.788159975799064,0.167835382787514,0.235733449600923,0.7423580826688,Vanguard,Vanguard,1,0.798577112706513,0.704808157095834,0.703398382085862,0.989684616164689,0.973885001521144
MALIR,SINDH,0.621003016517496,0.250168557373364,0.531697118603075,0.613512822055081,Other,Vanguard,2,0.631398825104535,0.157906069091835,0.674149964852853,0.910745896076654,0.897419713069436
JACOBABAD,SINDH,0.380215641492201,0.525266520764769,0.422024352861868,0.393466023868984,Anchor,Anchor,4,0.423436653493827,0.00333532919341417,1.14831872267936,0.516641374784677,0.544710237060126
KAMBAR SHAHDAD KOT,SINDH,0.421482593544803,0.480357161239986,0.399725127190224,0.428272339071888,Anchor,Anchor,4,0.400208060258465,0.00120670500221471,1.00076207230838,0.431170646563485,0.581806221571053
KASHMORE,SINDH,0.270033563865506,0.540633008929107,0.355634452927547,0.314114586203209,Anchor,Anchor,4,0.355859107631759,0.000631302387360338,1.19996291667484,0.439509990712993,0.493116125882026
LARKANA,SINDH,0.597160276169335,0.302912178360869,0.555579511662662,0.505904348049788,Other,Vanguard,2,0.555843345629569,0.000474655258502185,0.868766121084992,0.688148466074494,0.82133437834341
SHIKARPUR,SINDH,0.374360920388081,0.38869483644359,0.435219063078396,0.391445595947624,Other,Anchor,4,0.437031397446055,0.00414692028593481,1.11073064748683,0.712988306706886,0.680552452239973
MIRPUR KHAS,SINDH,0.483014476162271,0.617865201131123,0.399594777039724,0.452133943320589,Other,Anchor,4,0.45371151809429,0.119275660626539,0.885250681883434,0.573881898870876,0.459375179720499
THARPARKAR,SINDH,0.356675722441532,0.62493520041531,0.363724158407599,0.363336016228687,Anchor,Anchor,4,0.363941320966964,0.000596696628973361,1.2341905514601,0.194090675979291,0.292908078538634
UMER KOT,SINDH,0.424979615282615,0.701898118082802,0.381467493287085,0.408411008068689,Other,Anchor,4,0.386867615894128,0.0139585801064333,1.02675784257458,0.430064431484261,0.3261697863966
NAUSHAHRO FEROZE,SINDH,0.635609530537107,0.382085451132573,0.548770470940654,0.475176705847474,Other,Coiled Spring,2,0.571511792636153,0.0397915178453316,0.88036416291432,0.69020664982112,0.727302294163268
SANGHAR,SINDH,0.423775973171481,0.554535732739398,0.398670098313299,0.444557107570681,Anchor,Anchor,4,0.436588340029828,0.0868512469067276,0.880770161694512,0.512472446594928,0.506437114344481
SHAHEED BENAZIRABAD,SINDH,0.560652170431068,0.448985976940925,0.477214679120911,0.454664614665848,Other,Coiled Spring,2,0.508586619635281,0.0616845573657981,0.898858395783579,0.675953175657084,0.623643661247293
GHOTKI,SINDH,0.423206984604794,0.496616655545227,0.406352056488583,0.432313971558126,Anchor,Anchor,4,0.413752439376021,0.0178860163304389,0.88503171586864,0.456483389015424,0.562973121560146
KHAIRPUR,SINDH,0.576062245344846,0.44728724152724,0.499365135164732,0.45172002127479,Other,Coiled Spring,2,0.501439466225293,0.00413675268956299,0.944689599614274,0.526071862907684,0.585799889441681
SUKKUR,SINDH,0.603280152549614,0.359801505702434,0.530284999802164,0.476042582988517,Other,Coiled Spring,2,0.582551955776363,0.0897206771961535,0.917228990553431,0.686516151131101,0.743529122671154
